date,precipitation
2022-01-01,0.0
2022-01-02,0.0133333327248692
2022-01-03,0.0
2022-01-04,0.5994444489479065
2022-01-05,0.0
2022-01-06,0.0
2022-01-07,0.0
2022-01-08,0.0661111176013946
2022-01-09,10.17055606842041
2022-01-10,0.2916666567325592
2022-01-11,0.0
2022-01-12,0.037222221493721
2022-01-13,0.0005555555690079
2022-01-14,0.0
2022-01-15,6.509444236755371
2022-01-16,0.0
2022-01-17,0.0
2022-01-18,0.0
2022-01-19,0.0216666664928197
2022-01-20,13.331110954284668
2022-01-21,2.089444398880005
2022-01-22,0.0
2022-01-23,0.0
2022-01-24,9.591667175292969
2022-01-25,13.60888957977295
2022-01-26,0.0
2022-01-27,0.0
2022-01-28,0.6466667056083679
2022-01-29,0.0
2022-01-30,0.0
2022-01-31,0.0
2022-02-01,1.3594443798065186
2022-02-02,0.1138888895511627
2022-02-03,10.137777328491213
2022-02-04,59.52610397338867
2022-02-05,0.0
2022-02-06,0.0
2022-02-07,0.554444432258606
2022-02-08,0.1327777802944183
2022-02-09,0.0
2022-02-10,0.0
2022-02-11,0.1388888955116272
2022-02-12,0.0
2022-02-13,0.0938888862729072
2022-02-14,0.0
2022-02-15,0.0
2022-02-16,0.0
2022-02-17,4.010000228881836
2022-02-18,0.4050000011920929
2022-02-19,0.0011111111380159
2022-02-20,0.0194444432854652
2022-02-21,3.669444561004639
2022-02-22,0.0
2022-02-23,0.0
2022-02-24,0.0
2022-02-25,5.551667213439941
2022-02-26,0.0
2022-02-27,0.7027777433395386
2022-02-28,0.0
2022-03-01,0.0
2022-03-02,0.0
2022-03-03,0.1027777791023254
2022-03-04,0.0
2022-03-05,0.0
2022-03-06,0.0
2022-03-07,0.0411111116409301
2022-03-08,0.0
2022-03-09,0.4161111116409302
2022-03-10,0.0033333331812173
2022-03-11,2.6277778148651123
2022-03-12,2.9227778911590576
2022-03-13,0.0
2022-03-14,0.0
2022-03-15,25.75722312927246
2022-03-16,0.0
2022-03-17,0.0
2022-03-18,5.046111106872559
2022-03-19,0.0
2022-03-20,0.0
2022-03-21,0.2488888949155807
2022-03-22,31.04166603088379
2022-03-23,0.0
2022-03-24,0.0355555526912212
2022-03-25,0.0
2022-03-26,0.0
2022-03-27,0.0
2022-03-28,0.0
2022-03-29,0.0
2022-03-30,21.43888664245605
2022-03-31,0.0
2022-04-01,0.0
2022-04-02,0.1055555567145347
2022-04-03,0.0
2022-04-04,0.0
2022-04-05,13.046666145324709
2022-04-06,0.0105555551126599
2022-04-07,0.0
2022-04-08,0.0
2022-04-09,0.0
2022-04-10,0.0
2022-04-11,9.33777904510498
2022-04-12,16.287221908569336
2022-04-13,9.93722152709961
2022-04-14,27.35277938842773
2022-04-15,0.0
2022-04-16,0.0
2022-04-17,0.3188888728618622
2022-04-18,1.5027776956558228
2022-04-19,0.0
2022-04-20,0.4661111235618591
2022-04-21,0.0
2022-04-22,0.0
2022-04-23,0.0
2022-04-24,1.579999923706055
2022-04-25,8.774999618530273
2022-04-26,0.1505555510520935
2022-04-27,0.0294444430619478
2022-04-28,0.0
2022-04-29,0.1261111050844192
2022-04-30,0.0
2022-05-01,3.091110944747925
2022-05-02,1.4744443893432615
2022-05-03,0.707777738571167
2022-05-04,0.0
2022-05-05,0.0022222222760319
2022-05-06,9.122776985168455
2022-05-07,0.0
2022-05-08,0.0
2022-05-09,0.0
2022-05-10,0.0
2022-05-11,0.0
2022-05-12,0.0
2022-05-13,16.86111068725586
2022-05-14,16.34666633605957
2022-05-15,0.1344444453716278
2022-05-16,4.056666851043701
2022-05-17,0.0
2022-05-18,0.0
2022-05-19,0.0
2022-05-20,0.0
2022-05-21,36.27499771118164
2022-05-22,7.17222261428833
2022-05-23,35.99555969238281
2022-05-24,1.8861109018325808
2022-05-25,14.967777252197266
2022-05-26,0.4855555295944214
2022-05-27,0.0
2022-05-28,0.0
2022-05-29,0.0
2022-05-30,0.0
2022-05-31,0.5172221660614014
2022-06-01,0.8772221803665161
2022-06-02,0.9399999976158142
2022-06-03,8.032221794128418
2022-06-04,1.7683331966400146
2022-06-05,1.102222204208374
2022-06-06,0.0388888865709304
2022-06-07,0.0
2022-06-08,0.0
2022-06-09,0.0299999974668025
2022-06-10,5.460555553436279
2022-06-11,0.2966666519641876
2022-06-12,0.0
2022-06-13,0.0
2022-06-14,0.0
2022-06-15,0.0
2022-06-16,11.046666145324709
2022-06-17,4.314444541931152
2022-06-18,0.1005555540323257
2022-06-19,0.0
2022-06-20,0.0
2022-06-21,0.5349999666213989
2022-06-22,0.1294444352388382
2022-06-23,0.3744444549083709
2022-06-24,0.0
2022-06-25,5.215555191040039
2022-06-26,24.31444549560547
2022-06-27,24.62666702270508
2022-06-28,13.882221221923828
2022-06-29,0.9155555367469788
2022-06-30,5.473333358764648
2022-07-01,17.531665802001953
2022-07-02,7.192777633666992
2022-07-03,2.000555515289306
2022-07-04,0.5177777409553528
2022-07-05,29.28277587890625
2022-07-06,9.426111221313477
2022-07-07,1.7949998378753662
2022-07-08,0.0
2022-07-09,0.0
2022-07-10,2.962222099304199
2022-07-11,13.21111011505127
2022-07-12,0.8022221326828003
2022-07-13,0.3499999940395355
2022-07-14,7.656110763549805
2022-07-15,1.093888759613037
2022-07-16,0.0011111111380159
2022-07-17,5.49666690826416
2022-07-18,1.8033332824707031
2022-07-19,0.0016666665906086
2022-07-20,0.0
2022-07-21,1.991666555404663
2022-07-22,37.41444396972656
2022-07-23,9.029444694519045
2022-07-24,6.960000038146973
2022-07-25,10.79611110687256
2022-07-26,3.972222328186035
2022-07-27,1.4822221994400024
2022-07-28,5.728888511657715
2022-07-29,9.422778129577637
2022-07-30,11.398333549499512
2022-07-31,0.6344444751739502
2022-08-01,12.307222366333008
2022-08-02,21.999998092651367
2022-08-03,26.56999969482422
2022-08-04,10.469999313354492
2022-08-05,5.087778091430664
2022-08-06,2.727222204208374
2022-08-07,3.3155553340911865
2022-08-08,0.9622222185134888
2022-08-09,0.2938888669013977
2022-08-10,14.17055606842041
2022-08-11,6.446666717529297
2022-08-12,1.006666660308838
2022-08-13,0.5649999976158142
2022-08-14,0.0
2022-08-15,0.0
2022-08-16,0.0
2022-08-17,0.0
2022-08-18,0.1700000017881393
2022-08-19,3.8566665649414062
2022-08-20,9.208332061767578
2022-08-21,10.01555633544922
2022-08-22,12.828332901000977
2022-08-23,20.494443893432617
2022-08-24,13.809444427490234
2022-08-25,0.8694444894790649
2022-08-26,11.177776336669922
2022-08-27,3.4288885593414307
2022-08-28,11.017221450805664
2022-08-29,2.433888912200928
2022-08-30,4.07944393157959
2022-08-31,0.6755555272102356
2022-09-01,0.0
2022-09-02,0.5099999904632568
2022-09-03,14.982221603393556
2022-09-04,6.6677775382995605
2022-09-05,2.3205554485321045
2022-09-06,8.188333511352539
2022-09-07,0.0400000028312206
2022-09-08,3.977221965789795
2022-09-09,1.6138888597488403
2022-09-10,0.2422222048044204
2022-09-11,0.0
2022-09-12,0.0
2022-09-13,0.0016666665906086
2022-09-14,0.0
2022-09-15,0.0
2022-09-16,0.0
2022-09-17,0.0
2022-09-18,0.0
2022-09-19,0.0
2022-09-20,0.0
2022-09-21,0.0
2022-09-22,0.0
2022-09-23,0.0
2022-09-24,0.0
2022-09-25,0.0
2022-09-26,0.0
2022-09-27,0.0
2022-09-28,0.0
2022-09-29,0.0
2022-09-30,0.0
2022-10-01,0.0
2022-10-02,0.0
2022-10-03,0.0
2022-10-04,0.0
2022-10-05,0.0
2022-10-06,0.0
2022-10-07,0.0
2022-10-08,0.496111124753952
2022-10-09,0.0
2022-10-10,0.0
2022-10-11,0.0
2022-10-12,1.6405556201934814
2022-10-13,6.988888740539551
2022-10-14,0.0
2022-10-15,0.0
2022-10-16,0.0094444444403052
2022-10-17,6.745555400848389
2022-10-18,0.0511111095547676
2022-10-19,0.0
2022-10-20,0.0
2022-10-21,0.0
2022-10-22,0.0
2022-10-23,0.0
2022-10-24,0.0
2022-10-25,2.987777709960937
2022-10-26,0.0
2022-10-27,0.0
2022-10-28,0.2244444489479065
2022-10-29,1.108888864517212
2022-10-30,0.0
2022-10-31,0.0
2022-11-01,0.2249999791383743
2022-11-02,0.0
2022-11-03,0.0
2022-11-04,0.0
2022-11-05,15.112777709960938
2022-11-06,0.0155555559322237
2022-11-07,0.0
2022-11-08,0.0
2022-11-09,0.0
2022-11-10,0.0
2022-11-11,0.0
2022-11-12,0.4572221934795379
2022-11-13,0.0
2022-11-14,2.701666593551636
2022-11-15,24.21444320678711
2022-11-16,1.0888888835906982
2022-11-17,0.2727777659893036
2022-11-18,0.0005555555690079
2022-11-19,20.86055374145508
2022-11-20,8.192776679992676
2022-11-21,0.5249999761581421
2022-11-22,1.4372221231460571
2022-11-23,0.8216667175292969
2022-11-24,16.967777252197266
2022-11-25,16.594999313354492
2022-11-26,46.4677734375
2022-11-27,0.0
2022-11-28,0.0
2022-11-29,0.0
2022-11-30,5.181110858917236
2022-12-01,0.0
2022-12-02,0.0022222222760319
2022-12-03,0.6833332777023315
2022-12-04,0.0
2022-12-05,0.0
2022-12-06,0.0
2022-12-07,0.0
2022-12-08,0.0
2022-12-09,0.0
2022-12-10,0.0
2022-12-11,25.966665267944336
2022-12-12,0.0
2022-12-13,0.0583333298563957
2022-12-14,22.858333587646484
2022-12-15,0.0
2022-12-16,0.0333333313465118
2022-12-17,0.3822222054004669
2022-12-18,0.0
2022-12-19,25.67888832092285
2022-12-20,38.37444686889648
2022-12-21,0.4772221744060516
2022-12-22,0.0311111081391572
2022-12-23,0.0
2022-12-24,0.5261110663414001
2022-12-25,0.0
2022-12-26,0.0
2022-12-27,0.0
2022-12-28,0.0
2022-12-29,0.0011111111380159
2022-12-30,60.09278106689453
2022-12-31,0.0005555555690079
2023-01-01,0.0
2023-01-02,0.0061111110262572
2023-01-03,0.1711111217737198
2023-01-04,35.77499771118164
2023-01-05,0.0
2023-01-06,0.0
2023-01-07,0.0
2023-01-08,19.08166885375977
2023-01-09,0.0
2023-01-10,0.0
2023-01-11,0.0
2023-01-12,0.0005555555690079
2023-01-13,0.0
2023-01-14,0.0
2023-01-15,0.0
2023-01-16,0.5716666579246521
2023-01-17,0.0677777826786041
2023-01-18,0.0
2023-01-19,17.736665725708008
2023-01-20,0.1172222197055816
2023-01-21,49.54222106933594
2023-01-22,3.4761109352111816
2023-01-23,0.0
2023-01-24,3.022777557373047
2023-01-25,26.44944190979004
2023-01-26,0.0
2023-01-27,0.0
2023-01-28,0.0088888891041278
2023-01-29,38.45888519287109
2023-01-30,1.2416666746139526
2023-01-31,0.0
2023-02-01,0.1805555522441864
2023-02-02,2.392777681350708
2023-02-03,2.918889045715332
2023-02-04,0.0
2023-02-05,0.0
2023-02-06,0.0
2023-02-07,0.0
2023-02-08,15.678889274597168
2023-02-09,17.412776947021484
2023-02-10,6.658332824707031
2023-02-11,0.7100000381469727
2023-02-12,0.0099999997764825
2023-02-13,0.0
2023-02-14,0.1277777701616287
2023-02-15,0.0083333328366279
2023-02-16,21.47833251953125
2023-02-17,13.900554656982422
2023-02-18,0.0255555566400289
2023-02-19,0.2111110985279083
2023-02-20,0.0
2023-02-21,0.0
2023-02-22,0.0
2023-02-23,0.5872222185134888
2023-02-24,0.0
2023-02-25,0.0933333337306976
2023-02-26,0.0
2023-02-27,0.0
2023-02-28,0.0
2023-03-01,0.0
2023-03-02,1.9249998331069944
2023-03-03,0.0094444444403052
2023-03-04,0.0
2023-03-05,0.0
2023-03-06,0.0
2023-03-07,0.0
2023-03-08,0.0
2023-03-09,0.0
2023-03-10,6.017221927642822
2023-03-11,0.7511111497879028
2023-03-12,0.3416666686534881
2023-03-13,0.0149999987334012
2023-03-14,1.4272221326828003
2023-03-15,0.186111107468605
2023-03-16,0.0
2023-03-17,32.697776794433594
2023-03-18,0.9511110782623292
2023-03-19,0.0938888862729072
2023-03-20,0.0
2023-03-21,0.0
2023-03-22,0.0350000001490116
2023-03-23,0.0
2023-03-24,0.0
2023-03-25,0.0022222222760319
2023-03-26,0.0999999940395355
2023-03-27,2.950555324554444
2023-03-28,13.60555648803711
2023-03-29,2.432777643203736
2023-03-30,0.0011111111380159
2023-03-31,0.5477777719497681
2023-04-01,0.2872222363948822
2023-04-02,0.3111110925674438
2023-04-03,0.2294444292783737
2023-04-04,0.0977777764201164
2023-04-05,0.0544444471597671
2023-04-06,5.597222328186035
2023-04-07,28.428335189819336
2023-04-08,11.768888473510742
2023-04-09,0.0
2023-04-10,0.0
2023-04-11,0.332777738571167
2023-04-12,1.93666672706604
2023-04-13,0.0127777773886919
2023-04-14,0.0
2023-04-15,20.293888092041016
2023-04-16,8.244444847106934
2023-04-17,0.0
2023-04-18,0.6050000190734863
2023-04-19,0.0005555555690079
2023-04-20,0.0
2023-04-21,20.23722076416016
2023-04-22,0.5161111354827881
2023-04-23,0.1516666710376739
2023-04-24,0.1099999994039535
2023-04-25,0.0411111079156398
2023-04-26,0.0016666665906086
2023-04-27,8.47944450378418
2023-04-28,0.0
2023-04-29,3.32277774810791
2023-04-30,0.0
2023-05-01,0.0
2023-05-02,0.0
2023-05-03,0.2555555403232574
2023-05-04,0.020555555820465
2023-05-05,21.468889236450195
2023-05-06,27.610557556152344
2023-05-07,0.0855555534362793
2023-05-08,2.533333301544189
2023-05-09,15.975555419921877
2023-05-10,4.9666666984558105
2023-05-11,0.8027777075767517
2023-05-12,0.8838889002799988
2023-05-13,0.1949999928474426
2023-05-14,0.0444444417953491
2023-05-15,7.718332767486572
2023-05-16,3.053333044052124
2023-05-17,9.510555267333984
2023-05-18,0.0
2023-05-19,0.0
2023-05-20,0.7694444060325623
2023-05-21,0.8038889169692993
2023-05-22,0.0022222222760319
2023-05-23,0.0
2023-05-24,0.0
2023-05-25,0.0
2023-05-26,0.0
2023-05-27,0.0016666665906086
2023-05-28,0.0
2023-05-29,0.0016666665906086
2023-05-30,0.0
2023-05-31,0.0
2023-06-01,0.226666659116745
2023-06-02,0.0
2023-06-03,0.2366666793823242
2023-06-04,8.818333625793457
2023-06-05,3.343888759613037
2023-06-06,0.7800000309944153
2023-06-07,0.2722221910953522
2023-06-08,1.9099998474121092
2023-06-09,3.1161108016967773
2023-06-10,0.0
2023-06-11,0.9249999523162842
2023-06-12,0.0672222152352333
2023-06-13,0.0383333340287208
2023-06-14,0.0
2023-06-15,0.4983333349227905
2023-06-16,0.0544444471597671
2023-06-17,1.1066666841506958
2023-06-18,0.020555555820465
2023-06-19,0.0
2023-06-20,7.160555362701416
2023-06-21,10.70722198486328
2023-06-22,0.3394444584846496
2023-06-23,0.0
2023-06-24,4.093889236450195
2023-06-25,0.0
2023-06-26,4.280555248260498
2023-06-27,0.0
2023-06-28,0.0
2023-06-29,0.0
2023-06-30,0.0077777779661118
2023-07-01,0.0
2023-07-02,0.0
2023-07-03,0.0
2023-07-04,0.6466666460037231
2023-07-05,4.056666374206543
2023-07-06,20.0111083984375
2023-07-07,0.6561110615730286
2023-07-08,0.0
2023-07-09,2.75166654586792
2023-07-10,0.6483333110809326
2023-07-11,0.0677777826786041
2023-07-12,0.0122222220525145
2023-07-13,0.5688889026641846
2023-07-14,0.0761111080646514
2023-07-15,0.0
2023-07-16,7.490554809570312
2023-07-17,21.103334426879883
2023-07-18,0.9755555391311646
2023-07-19,0.0
2023-07-20,0.0
2023-07-21,0.0
2023-07-22,7.688333511352539
2023-07-23,2.365555763244629
2023-07-24,0.0
2023-07-25,0.0
2023-07-26,0.0955555588006973
2023-07-27,0.1027777716517448
2023-07-28,0.0
2023-07-29,0.0
2023-07-30,0.052777774631977
2023-07-31,2.033888816833496
2023-08-01,0.0149999987334012
2023-08-02,15.08944320678711
2023-08-03,0.5655555725097656
2023-08-04,0.0
2023-08-05,0.0
2023-08-06,0.0
2023-08-07,0.0
2023-08-08,0.1161111071705818
2023-08-09,0.1305555552244186
2023-08-10,0.0
2023-08-11,0.0
2023-08-12,0.0
2023-08-13,0.0
2023-08-14,0.0
2023-08-15,0.0216666664928197
2023-08-16,0.4499999284744262
2023-08-17,0.0
2023-08-18,0.0
2023-08-19,0.0
2023-08-20,0.0
2023-08-21,0.0
2023-08-22,0.0
2023-08-23,0.2538889050483703
2023-08-24,6.980000019073486
2023-08-25,0.0
2023-08-26,4.75666618347168
2023-08-27,0.1700000017881393
2023-08-28,9.964444160461426
2023-08-29,0.3872222304344177
2023-08-30,0.0
2023-08-31,0.0
2023-09-01,0.0
2023-09-02,1.1438889503479004
2023-09-03,2.7427778244018555
2023-09-04,3.73722243309021
2023-09-05,2.258333444595337
2023-09-06,0.2572222352027893
2023-09-07,18.281110763549805
2023-09-08,25.198888778686523
2023-09-09,0.0
2023-09-10,0.0
2023-09-11,0.0
2023-09-12,0.0
2023-09-13,8.372776985168457
2023-09-14,0.7438888549804688
2023-09-15,0.0
2023-09-16,0.3277777433395386
2023-09-17,0.1738888770341873
2023-09-18,0.0
2023-09-19,0.0
2023-09-20,0.0
2023-09-21,0.0
2023-09-22,0.582777738571167
2023-09-23,0.0722222253680229
2023-09-24,5.808888912200928
2023-09-25,0.0938888862729072
2023-09-26,1.1116666793823242
2023-09-27,0.0
2023-09-28,0.0
2023-09-29,0.0
2023-09-30,0.0
2023-10-01,0.0
2023-10-02,0.0
2023-10-03,0.0
2023-10-04,0.0
2023-10-05,4.521666049957275
2023-10-06,0.2477777749300003
2023-10-07,0.1305555552244186
2023-10-08,0.684999942779541
2023-10-09,0.0
2023-10-10,1.7933332920074463
2023-10-11,25.768888473510746
2023-10-12,0.6116666793823242
2023-10-13,0.0
2023-10-14,0.0
2023-10-15,0.0
2023-10-16,0.0
2023-10-17,0.0
2023-10-18,0.0
2023-10-19,0.0
2023-10-20,0.0
2023-10-21,0.0
2023-10-22,0.476666659116745
2023-10-23,0.0
2023-10-24,0.0
2023-10-25,0.0
2023-10-26,0.0
2023-10-27,0.0
2023-10-28,0.0
2023-10-29,0.0
2023-10-30,0.0
2023-10-31,0.5138888955116272
2023-11-01,0.0
2023-11-02,0.0
2023-11-03,0.0
2023-11-04,0.0
2023-11-05,0.0
2023-11-06,0.0
2023-11-07,0.0
2023-11-08,0.0672222152352333
2023-11-09,0.0161111131310462
2023-11-10,4.986111640930176
2023-11-11,13.82944393157959
2023-11-12,0.90666663646698
2023-11-13,38.66221618652344
2023-11-14,11.549999237060549
2023-11-15,4.106666564941406
2023-11-16,0.0
2023-11-17,0.9311110973358154
2023-11-18,0.0
2023-11-19,0.0005555555690079
2023-11-20,0.0
2023-11-21,7.929443359375
2023-11-22,0.1027777716517448
2023-11-23,4.182222366333008
2023-11-24,0.1855555474758148
2023-11-25,0.0
2023-11-26,0.098333328962326
2023-11-27,0.0
2023-11-28,0.4094444513320923
2023-11-29,0.0
2023-11-30,7.489999771118164
2023-12-01,46.36833190917969
2023-12-02,29.83666610717773
2023-12-03,0.0588888861238956
2023-12-04,0.0477777794003486
2023-12-05,0.0177777782082557
2023-12-06,0.0
2023-12-07,0.0
2023-12-08,5.039999485015869
2023-12-09,0.0750000029802322
2023-12-10,10.653888702392578
2023-12-11,0.0
2023-12-12,0.0
2023-12-13,0.0
2023-12-14,0.0716666653752327
2023-12-15,0.0
2023-12-16,33.27333068847656
2023-12-17,0.0038888889830559
2023-12-18,0.0
2023-12-19,0.0
2023-12-20,0.1416666656732559
2023-12-21,1.794444561004639
2023-12-22,2.6700000762939453
2023-12-23,0.0
2023-12-24,42.12833786010742
2023-12-25,11.192222595214844
2023-12-26,0.0
2023-12-27,0.3849999904632568
2023-12-28,0.0
2023-12-29,0.0
2023-12-30,0.0
2023-12-31,0.0
2024-01-01,0.1088888943195343
2024-01-02,0.0
2024-01-03,17.239442825317383
2024-01-04,0.0
2024-01-05,30.26666641235352
2024-01-06,0.0005555555690079
2024-01-07,0.0033333331812173
2024-01-08,11.173887252807615
2024-01-09,25.471111297607425
2024-01-10,0.0
2024-01-11,0.0011111111380159
2024-01-12,0.0
2024-01-13,0.0672222226858139
2024-01-14,0.0
2024-01-15,0.6461111903190613
2024-01-16,0.8405554890632629
2024-01-17,0.0
2024-01-18,0.0755555555224418
2024-01-19,0.0
2024-01-20,0.0
2024-01-21,0.0
2024-01-22,0.4627777636051178
2024-01-23,3.796111106872559
2024-01-24,73.84054565429688
2024-01-25,43.125
2024-01-26,9.676111221313477
2024-01-27,35.994998931884766
2024-01-28,0.0
2024-01-29,0.0
2024-01-30,0.0
2024-01-31,0.0
2024-02-01,0.0994444414973259
2024-02-02,0.0
2024-02-03,51.22888946533203
2024-02-04,0.1644444465637207
2024-02-05,0.0183333326131105
2024-02-06,0.0
2024-02-07,0.2211111038923263
2024-02-08,0.0405555553734302
2024-02-09,0.0488888844847679
2024-02-10,4.867777824401856
2024-02-11,1.898333191871643
2024-02-12,17.275554656982422
2024-02-13,0.0
2024-02-14,0.0
2024-02-15,1.4455554485321045
2024-02-16,4.204999923706055
2024-02-17,5.071111679077148
2024-02-18,0.4033333361148834
2024-02-19,0.0
2024-02-20,0.0
2024-02-21,0.0
2024-02-22,0.0655555576086044
2024-02-23,0.0
2024-02-24,0.0
2024-02-25,0.0
2024-02-26,0.0
2024-02-27,0.0005555555690079
2024-02-28,0.028888888657093
2024-02-29,4.446666240692139
2024-03-01,20.06999969482422
2024-03-02,0.0
2024-03-03,0.0
2024-03-04,20.215553283691406
2024-03-05,16.17888832092285
2024-03-06,0.0
2024-03-07,0.0
2024-03-08,20.200000762939453
2024-03-09,1.230555534362793
2024-03-10,0.0127777783200144
2024-03-11,0.7994444370269775
2024-03-12,0.0
2024-03-13,0.0750000029802322
2024-03-14,0.7655555605888367
2024-03-15,11.088333129882812
2024-03-16,54.973331451416016
2024-03-17,34.82277297973633
2024-03-18,0.3483332991600036
2024-03-19,0.0
2024-03-20,0.0083333337679505
2024-03-21,12.809444427490234
2024-03-22,28.108890533447266
2024-03-23,0.0
2024-03-24,0.5877777934074402
2024-03-25,0.1783333420753479
2024-03-26,21.69110870361328
2024-03-27,0.0144444443285465
2024-03-28,0.0605555512011051
2024-03-29,0.0
2024-03-30,0.0
2024-03-31,0.148333340883255
2024-04-01,2.30222225189209
2024-04-02,0.297777771949768
2024-04-03,0.0572222210466861
2024-04-04,0.0
2024-04-05,0.0
2024-04-06,0.0049999998882412
2024-04-07,0.0305555555969476
2024-04-08,5.314443588256836
2024-04-09,4.0527777671813965
2024-04-10,40.35610580444336
2024-04-11,0.0
2024-04-12,0.0
2024-04-13,0.0
2024-04-14,0.0
2024-04-15,0.0
2024-04-16,0.037222221493721
2024-04-17,2.446110963821411
2024-04-18,4.566110610961914
2024-04-19,0.0327777750790119
2024-04-20,1.2922221422195437
2024-04-21,2.9588887691497803
2024-04-22,0.0
2024-04-23,0.0
2024-04-24,0.0
2024-04-25,0.0005555555690079
2024-04-26,0.0
2024-04-27,0.0022222222760319
2024-04-28,0.0055555552244186
2024-04-29,20.48555374145508
2024-04-30,0.0
2024-05-01,0.0
2024-05-02,5.246110916137695
2024-05-03,16.856666564941406
2024-05-04,0.5594444274902344
2024-05-05,1.4455554485321045
2024-05-06,0.0599999949336051
2024-05-07,0.0
2024-05-08,0.0
2024-05-09,0.0
2024-05-10,0.0155555559322237
2024-05-11,0.3966666460037231
2024-05-12,5.718888759613037
2024-05-13,4.268333435058594
2024-05-14,11.816668510437012
2024-05-15,0.0
2024-05-16,1.5922222137451172
2024-05-17,73.54666137695312
2024-05-18,28.43277740478516
2024-05-19,0.0
2024-05-20,0.0
2024-05-21,0.0
2024-05-22,0.0116666667163372
2024-05-23,1.0644443035125732
2024-05-24,0.4933333396911621
2024-05-25,0.0072222221642732
2024-05-26,0.0
2024-05-27,0.0
2024-05-28,5.059999465942383
2024-05-29,4.37333345413208
2024-05-30,2.098888874053955
2024-05-31,21.696664810180664
2024-06-01,14.063332557678224
2024-06-02,26.22888946533203
2024-06-03,7.997220993041992
2024-06-04,3.1322221755981445
2024-06-05,17.58333396911621
2024-06-06,0.0472222231328487
2024-06-07,0.0
2024-06-08,0.0
2024-06-09,0.0
2024-06-10,1.098888874053955
2024-06-11,0.0016666665906086
2024-06-12,0.2316666692495346
2024-06-13,0.0
2024-06-14,0.0
2024-06-15,0.0
2024-06-16,23.850555419921875
2024-06-17,14.467778205871582
2024-06-18,40.60444641113281
2024-06-19,5.150555610656738
2024-06-20,0.0
2024-06-21,0.0
2024-06-22,0.0
2024-06-23,0.0
2024-06-24,0.0
2024-06-25,1.6361109018325806
2024-06-26,0.8955554962158203
2024-06-27,1.5838888883590698
2024-06-28,0.8277777433395386
2024-06-29,0.2177777737379074
2024-06-30,0.6855555772781372
2024-07-01,4.594444274902344
2024-07-02,1.4811110496520996
2024-07-03,0.2844444513320923
2024-07-04,2.4322221279144287
2024-07-05,8.769999504089355
2024-07-06,14.939998626708984
2024-07-07,0.8572222590446472
2024-07-08,25.454444885253903
2024-07-09,0.727222204208374
2024-07-10,0.0294444430619478
2024-07-11,4.599444389343262
2024-07-12,3.186110734939575
2024-07-13,0.0538888871669769
2024-07-14,0.4333333075046539
2024-07-15,0.1700000017881393
2024-07-16,0.0
2024-07-17,17.959444046020508
2024-07-18,19.40999984741211
2024-07-19,24.61888694763184
2024-07-20,2.560555458068848
2024-07-21,8.376111030578613
2024-07-22,4.059999465942383
2024-07-23,13.531110763549805
2024-07-24,10.372776985168455
2024-07-25,1.493333339691162
2024-07-26,26.660554885864254
2024-07-27,9.700000762939451
2024-07-28,0.6133333444595337
2024-07-29,0.3655555844306946
2024-07-30,0.0
2024-07-31,0.0516666620969772
2024-08-01,0.0
2024-08-02,0.0
2024-08-03,6.138888359069824
2024-08-04,0.0
2024-08-05,0.0
2024-08-06,0.0027777776122093
2024-08-07,0.0
2024-08-08,0.0
2024-08-09,0.0
2024-08-10,0.0
2024-08-11,0.0
2024-08-12,0.0
2024-08-13,0.1772222071886062
2024-08-14,1.09499990940094
2024-08-15,6.67888879776001
2024-08-16,3.669444084167481
2024-08-17,0.0599999949336051
2024-08-18,3.07277774810791
2024-08-19,0.8844444751739502
2024-08-20,0.0
2024-08-21,0.0
2024-08-22,0.0
2024-08-23,0.0
2024-08-24,0.0
2024-08-25,0.79666668176651
2024-08-26,0.0
2024-08-27,0.1049999892711639
2024-08-28,7.074443817138672
2024-08-29,14.04444408416748
2024-08-30,1.9749999046325684
2024-08-31,10.234999656677246
2024-09-01,3.1966664791107178
2024-09-02,0.0
2024-09-03,0.2383333295583725
2024-09-04,13.973333358764648
2024-09-05,51.54777908325195
2024-09-06,42.93555450439453
2024-09-07,6.728888988494873
2024-09-08,0.6633332371711731
2024-09-09,2.45888900756836
2024-09-10,21.987777709960938
2024-09-11,63.81166458129883
2024-09-12,5.888332843780518
2024-09-13,0.0
2024-09-14,0.6211110949516296
2024-09-15,1.9483331441879272
2024-09-16,0.0
2024-09-17,0.0
2024-09-18,0.0
2024-09-19,0.0
2024-09-20,0.0
2024-09-21,0.0
2024-09-22,0.0
2024-09-23,0.0
2024-09-24,0.0
2024-09-25,1.8338887691497805
2024-09-26,0.0461111105978488
2024-09-27,0.0
2024-09-28,0.0
2024-09-29,0.0
2024-09-30,0.0
2024-10-01,0.0
2024-10-02,0.0
2024-10-03,2.794999837875366
2024-10-04,14.532777786254885
2024-10-05,1.15666663646698
2024-10-06,0.0049999998882412
2024-10-07,0.0
2024-10-08,0.0
2024-10-09,0.0
2024-10-10,0.0
2024-10-11,0.0
2024-10-12,0.0
2024-10-13,0.0
2024-10-14,0.0
2024-10-15,0.0
2024-10-16,0.0
2024-10-17,0.0
2024-10-18,0.0
2024-10-19,0.0
2024-10-20,0.0
2024-10-21,0.0
2024-10-22,0.0
2024-10-23,0.0
2024-10-24,0.0
2024-10-25,0.0
2024-10-26,0.0
2024-10-27,0.0
2024-10-28,0.0
2024-10-29,0.0
2024-10-30,0.0894444435834884
2024-10-31,21.293331146240234
2024-11-01,54.14666748046875
2024-11-02,8.866110801696777
2024-11-03,0.0
2024-11-04,0.0
2024-11-05,1.3077778816223145
2024-11-06,0.1083333268761634
2024-11-07,0.0677777752280235
2024-11-08,0.0
2024-11-09,0.5499999523162842
2024-11-10,6.051666736602783
2024-11-11,0.0
2024-11-12,0.0
2024-11-13,14.872776985168455
2024-11-14,0.0
2024-11-15,0.0
2024-11-16,0.0
2024-11-17,0.0
2024-11-18,2.92722225189209
2024-11-19,17.116666793823242
2024-11-20,0.0
2024-11-21,0.0
2024-11-22,0.0
2024-11-23,0.0
2024-11-24,0.0
2024-11-25,0.0
2024-11-26,0.0
2024-11-27,0.0
2024-11-28,1.3538888692855835
2024-11-29,0.6788888573646545
2024-11-30,0.0
2024-12-01,0.0
2024-12-02,0.0
2024-12-03,0.0
2024-12-04,4.282777786254883
2024-12-05,23.761110305786133
2024-12-06,0.0450000017881393
2024-12-07,11.051666259765623
2024-12-08,13.88666820526123
2024-12-09,29.65389060974121
2024-12-10,9.272777557373049
2024-12-11,0.0
2024-12-12,0.0
2024-12-13,0.4877777099609375
2024-12-14,0.0249999985098838
2024-12-15,0.0
2024-12-16,0.0
2024-12-17,0.0
2024-12-18,0.028888888657093
2024-12-19,2.162777900695801
2024-12-20,0.0
2024-12-21,0.0
2024-12-22,0.0
2024-12-23,0.0
2024-12-24,0.0
2024-12-25,13.113332748413086
2024-12-26,0.0183333326131105
2024-12-27,1.304999828338623
2024-12-28,2.771111249923706
2024-12-29,23.127220153808597
2024-12-30,0.0
2024-12-31,0.0
