date,sm,quality,pass
2022-01-01 06:00:00,,0,AM
2022-01-01 18:00:00,,0,PM
2022-01-02 06:00:00,0.37006667485603917,13,AM
2022-01-02 18:00:00,0.31257177591323854,5,PM
2022-01-03 06:00:00,,0,AM
2022-01-03 18:00:00,0.31830522647270787,13,PM
2022-01-04 06:00:00,0.3567171096801758,4,AM
2022-01-04 18:00:00,,0,PM
2022-01-05 06:00:00,0.33607684878202587,13,AM
2022-01-05 18:00:00,0.3109970482496115,13,PM
2022-01-06 06:00:00,,0,AM
2022-01-06 18:00:00,,0,PM
2022-01-07 06:00:00,0.3750793544145731,13,AM
2022-01-07 18:00:00,,0,PM
2022-01-08 06:00:00,,0,AM
2022-01-08 18:00:00,0.3304311976982997,13,PM
2022-01-09 06:00:00,,0,AM
2022-01-09 18:00:00,,0,PM
2022-01-10 06:00:00,0.41808409645007205,13,AM
2022-01-10 18:00:00,0.3889546453952789,5,PM
2022-01-11 06:00:00,,0,AM
2022-01-11 18:00:00,0.3624924077437474,13,PM
2022-01-12 06:00:00,0.36536625027656555,4,AM
2022-01-12 18:00:00,,0,PM
2022-01-13 06:00:00,0.37089893451103795,13,AM
2022-01-13 18:00:00,0.35076006100727963,13,PM
2022-01-14 06:00:00,,0,AM
2022-01-14 18:00:00,,0,PM
2022-01-15 06:00:00,0.3592662192307986,13,AM
2022-01-15 18:00:00,,0,PM
2022-01-16 06:00:00,,0,AM
2022-01-16 18:00:00,0.3285536009531755,13,PM
2022-01-17 06:00:00,,0,AM
2022-01-17 18:00:00,,0,PM
2022-01-18 06:00:00,0.35436153641113866,13,AM
2022-01-18 18:00:00,0.3394973576068878,5,PM
2022-01-19 06:00:00,,0,AM
2022-01-19 18:00:00,0.34353337379602283,13,PM
2022-01-20 06:00:00,0.4271485090255737,5,AM
2022-01-20 18:00:00,,0,PM
2022-01-21 06:00:00,0.41823646884698135,13,AM
2022-01-21 18:00:00,0.3595837217110854,13,PM
2022-01-22 06:00:00,,0,AM
2022-01-22 18:00:00,,0,PM
2022-01-23 06:00:00,0.384625093295024,13,AM
2022-01-23 18:00:00,,0,PM
2022-01-24 06:00:00,,0,AM
2022-01-24 18:00:00,0.35816044303087086,13,PM
2022-01-25 06:00:00,,0,AM
2022-01-25 18:00:00,,0,PM
2022-01-26 06:00:00,0.42195496880091155,13,AM
2022-01-26 18:00:00,0.4003196607033412,6,PM
2022-01-27 06:00:00,,0,AM
2022-01-27 18:00:00,0.4013775363564491,4,PM
2022-01-28 06:00:00,0.40638709664344785,5,AM
2022-01-28 18:00:00,0.37873077723715043,9,PM
2022-01-29 06:00:00,,0,AM
2022-01-29 18:00:00,,0,PM
2022-01-30 06:00:00,,0,AM
2022-01-30 18:00:00,,0,PM
2022-01-31 06:00:00,0.3741818299660316,13,AM
2022-01-31 18:00:00,,0,PM
2022-02-01 06:00:00,,0,AM
2022-02-01 18:00:00,0.403703150840906,13,PM
2022-02-02 06:00:00,,0,AM
2022-02-02 18:00:00,,0,PM
2022-02-03 06:00:00,0.38927037670062137,13,AM
2022-02-03 18:00:00,0.40602223787988934,7,PM
2022-02-04 06:00:00,,0,AM
2022-02-04 18:00:00,,0,PM
2022-02-05 06:00:00,0.4313321113586426,6,AM
2022-02-05 18:00:00,0.4060759452673105,13,PM
2022-02-06 06:00:00,,0,AM
2022-02-06 18:00:00,,0,PM
2022-02-07 06:00:00,,0,AM
2022-02-07 18:00:00,,0,PM
2022-02-08 06:00:00,0.411394470013105,13,AM
2022-02-08 18:00:00,,0,PM
2022-02-09 06:00:00,,0,AM
2022-02-09 18:00:00,0.38163031523044294,13,PM
2022-02-10 06:00:00,,0,AM
2022-02-10 18:00:00,,0,PM
2022-02-11 06:00:00,,0,AM
2022-02-11 18:00:00,0.3905586855752127,7,PM
2022-02-12 06:00:00,,0,AM
2022-02-12 18:00:00,,0,PM
2022-02-13 06:00:00,0.39953861236572263,5,AM
2022-02-13 18:00:00,0.3855896362891564,13,PM
2022-02-14 06:00:00,0.354579705458421,13,AM
2022-02-14 18:00:00,,0,PM
2022-02-15 06:00:00,,0,AM
2022-02-15 18:00:00,,0,PM
2022-02-16 06:00:00,0.3332028939173772,13,AM
2022-02-16 18:00:00,,0,PM
2022-02-17 06:00:00,,0,AM
2022-02-17 18:00:00,0.43150307123477644,13,PM
2022-02-18 06:00:00,,0,AM
2022-02-18 18:00:00,,0,PM
2022-02-19 06:00:00,0.4265104027894827,13,AM
2022-02-19 18:00:00,0.36578312516212463,6,PM
2022-02-20 06:00:00,,0,AM
2022-02-20 18:00:00,,0,PM
2022-02-21 06:00:00,0.3675620913505554,5,AM
2022-02-21 18:00:00,0.3557422115252568,13,PM
2022-02-22 06:00:00,,0,AM
2022-02-22 18:00:00,,0,PM
2022-02-23 06:00:00,,0,AM
2022-02-23 18:00:00,,0,PM
2022-02-24 06:00:00,0.41356711891981274,13,AM
2022-02-24 18:00:00,,0,PM
2022-02-25 06:00:00,,0,AM
2022-02-25 18:00:00,0.41029582573817325,13,PM
2022-02-26 06:00:00,,0,AM
2022-02-26 18:00:00,,0,PM
2022-02-27 06:00:00,0.43108368378419143,13,AM
2022-02-27 18:00:00,0.3991505752007167,6,PM
2022-02-28 06:00:00,,0,AM
2022-02-28 18:00:00,0.4031285524368286,5,PM
2022-03-01 06:00:00,0.41332414746284485,5,AM
2022-03-01 18:00:00,0.3562600910663605,8,PM
2022-03-02 06:00:00,0.40813960020358747,13,AM
2022-03-02 18:00:00,,0,PM
2022-03-03 06:00:00,,0,AM
2022-03-03 18:00:00,,0,PM
2022-03-04 06:00:00,0.39585169003559995,13,AM
2022-03-04 18:00:00,,0,PM
2022-03-05 06:00:00,,0,AM
2022-03-05 18:00:00,,0,PM
2022-03-06 06:00:00,,0,AM
2022-03-06 18:00:00,,0,PM
2022-03-07 06:00:00,0.3531040365879352,13,AM
2022-03-07 18:00:00,0.34284621973832446,6,PM
2022-03-08 06:00:00,,0,AM
2022-03-08 18:00:00,0.3229554547713353,13,PM
2022-03-09 06:00:00,0.38202618062496185,4,AM
2022-03-09 18:00:00,,0,PM
2022-03-10 06:00:00,0.3488197739307697,13,AM
2022-03-10 18:00:00,0.335170722924746,13,PM
2022-03-11 06:00:00,,0,AM
2022-03-11 18:00:00,,0,PM
2022-03-12 06:00:00,0.42018425923127395,13,AM
2022-03-12 18:00:00,,0,PM
2022-03-13 06:00:00,,0,AM
2022-03-13 18:00:00,0.34255623588195216,13,PM
2022-03-14 06:00:00,,0,AM
2022-03-14 18:00:00,,0,PM
2022-03-15 06:00:00,0.43194278386922985,13,AM
2022-03-15 18:00:00,0.4322620391845703,5,PM
2022-03-16 06:00:00,,0,AM
2022-03-16 18:00:00,0.4051845325873448,13,PM
2022-03-17 06:00:00,0.42504509538412094,4,AM
2022-03-17 18:00:00,,0,PM
2022-03-18 06:00:00,0.4044350041792943,13,AM
2022-03-18 18:00:00,0.3988414934048286,13,PM
2022-03-19 06:00:00,,0,AM
2022-03-19 18:00:00,,0,PM
2022-03-20 06:00:00,0.41379884343880874,13,AM
2022-03-20 18:00:00,,0,PM
2022-03-21 06:00:00,,0,AM
2022-03-21 18:00:00,0.3824608027935028,13,PM
2022-03-22 06:00:00,,0,AM
2022-03-22 18:00:00,,0,PM
2022-03-23 06:00:00,0.43014063972693223,13,AM
2022-03-23 18:00:00,0.38096634050210315,6,PM
2022-03-24 06:00:00,,0,AM
2022-03-24 18:00:00,0.3878119862996615,13,PM
2022-03-25 06:00:00,0.4148766040802002,5,AM
2022-03-25 18:00:00,,0,PM
2022-03-26 06:00:00,0.40682324996361363,13,AM
2022-03-26 18:00:00,0.3712822749064519,13,PM
2022-03-27 06:00:00,,0,AM
2022-03-27 18:00:00,,0,PM
2022-03-28 06:00:00,0.3451385543896602,13,AM
2022-03-28 18:00:00,,0,PM
2022-03-29 06:00:00,,0,AM
2022-03-29 18:00:00,0.3502271060760205,13,PM
2022-03-30 06:00:00,,0,AM
2022-03-30 18:00:00,,0,PM
2022-03-31 06:00:00,0.43194278386922985,13,AM
2022-03-31 18:00:00,0.3910082110336849,7,PM
2022-04-01 06:00:00,,0,AM
2022-04-01 18:00:00,,0,PM
2022-04-02 06:00:00,0.38871370043073383,7,AM
2022-04-02 18:00:00,0.36975326446386486,13,PM
2022-04-03 06:00:00,0.36131921181311977,13,AM
2022-04-03 18:00:00,0.3485882259332217,13,PM
2022-04-04 06:00:00,,0,AM
2022-04-04 18:00:00,,0,PM
2022-04-05 06:00:00,0.33040606058560884,13,AM
2022-04-05 18:00:00,,0,PM
2022-04-06 06:00:00,,0,AM
2022-04-06 18:00:00,0.3684109655710367,13,PM
2022-04-07 06:00:00,,0,AM
2022-04-07 18:00:00,,0,PM
2022-04-08 06:00:00,0.3790335723986992,13,AM
2022-04-08 18:00:00,0.2835455040136973,9,PM
2022-04-09 06:00:00,,0,AM
2022-04-09 18:00:00,,0,PM
2022-04-10 06:00:00,0.2907236847612593,9,AM
2022-04-10 18:00:00,0.31683231775577253,13,PM
2022-04-11 06:00:00,0.2730712615526639,13,AM
2022-04-11 18:00:00,0.308296962426259,13,PM
2022-04-12 06:00:00,,0,AM
2022-04-12 18:00:00,,0,PM
2022-04-13 06:00:00,0.3972202860392057,13,AM
2022-04-13 18:00:00,,0,PM
2022-04-14 06:00:00,,0,AM
2022-04-14 18:00:00,0.40361682497538054,13,PM
2022-04-15 06:00:00,,0,AM
2022-04-15 18:00:00,,0,PM
2022-04-16 06:00:00,0.3815957261965825,13,AM
2022-04-16 18:00:00,0.36667934977091277,13,PM
2022-04-17 06:00:00,,0,AM
2022-04-17 18:00:00,,0,PM
2022-04-18 06:00:00,0.3949649677826808,13,AM
2022-04-18 18:00:00,0.3526247006196242,13,PM
2022-04-19 06:00:00,0.3836422631373772,13,AM
2022-04-19 18:00:00,0.32435763111481297,13,PM
2022-04-20 06:00:00,,0,AM
2022-04-20 18:00:00,,0,PM
2022-04-21 06:00:00,0.3242504848883702,13,AM
2022-04-21 18:00:00,,0,PM
2022-04-22 06:00:00,,0,AM
2022-04-22 18:00:00,0.30924320450195897,13,PM
2022-04-23 06:00:00,,0,AM
2022-04-23 18:00:00,,0,PM
2022-04-24 06:00:00,0.28725618582505447,13,AM
2022-04-24 18:00:00,0.34556710720062256,13,PM
2022-04-25 06:00:00,,0,AM
2022-04-25 18:00:00,,0,PM
2022-04-26 06:00:00,0.3894573473013364,13,AM
2022-04-26 18:00:00,0.4111047157874474,13,PM
2022-04-27 06:00:00,0.37211845700557417,13,AM
2022-04-27 18:00:00,0.32212939858436584,13,PM
2022-04-28 06:00:00,,0,AM
2022-04-28 18:00:00,,0,PM
2022-04-29 06:00:00,0.3164651027092567,13,AM
2022-04-29 18:00:00,,0,PM
2022-04-30 06:00:00,,0,AM
2022-04-30 18:00:00,0.281167216025866,13,PM
2022-05-01 06:00:00,,0,AM
2022-05-01 18:00:00,,0,PM
2022-05-02 06:00:00,0.3495751688113579,13,AM
2022-05-02 18:00:00,0.311463883289924,13,PM
2022-05-03 06:00:00,,0,AM
2022-05-03 18:00:00,,0,PM
2022-05-04 06:00:00,0.31515660423498887,13,AM
2022-05-04 18:00:00,0.3111919325131636,13,PM
2022-05-05 06:00:00,0.2639941217807623,13,AM
2022-05-05 18:00:00,0.3054047112281506,13,PM
2022-05-06 06:00:00,,0,AM
2022-05-06 18:00:00,,0,PM
2022-05-07 06:00:00,0.355103809099931,13,AM
2022-05-07 18:00:00,,0,PM
2022-05-08 06:00:00,,0,AM
2022-05-08 18:00:00,0.28952073133908784,13,PM
2022-05-09 06:00:00,,0,AM
2022-05-09 18:00:00,,0,PM
2022-05-10 06:00:00,0.2677173075767664,13,AM
2022-05-10 18:00:00,0.25719063480695087,12,PM
2022-05-11 06:00:00,,0,AM
2022-05-11 18:00:00,,0,PM
2022-05-12 06:00:00,0.26328624243086035,11,AM
2022-05-12 18:00:00,0.2569629022708306,13,PM
2022-05-13 06:00:00,0.2645584952372771,13,AM
2022-05-13 18:00:00,0.42395808834296006,13,PM
2022-05-14 06:00:00,,0,AM
2022-05-14 18:00:00,,0,PM
2022-05-15 06:00:00,0.35537609228721034,13,AM
2022-05-15 18:00:00,,0,PM
2022-05-16 06:00:00,,0,AM
2022-05-16 18:00:00,0.30691118194506717,13,PM
2022-05-17 06:00:00,,0,AM
2022-05-17 18:00:00,,0,PM
2022-05-18 06:00:00,0.296633426959698,13,AM
2022-05-18 18:00:00,0.2622452676296234,7,PM
2022-05-19 06:00:00,,0,AM
2022-05-19 18:00:00,0.2657479755580425,4,PM
2022-05-20 06:00:00,0.26966957449913026,5,AM
2022-05-20 18:00:00,0.24816054105758667,9,PM
2022-05-21 06:00:00,0.22541587627851045,13,AM
2022-05-21 18:00:00,0.37804025870103103,13,PM
2022-05-22 06:00:00,,0,AM
2022-05-22 18:00:00,,0,PM
2022-05-23 06:00:00,0.40216748531048113,13,AM
2022-05-23 18:00:00,,0,PM
2022-05-24 06:00:00,,0,AM
2022-05-24 18:00:00,0.36961284279823303,13,PM
2022-05-25 06:00:00,,0,AM
2022-05-25 18:00:00,,0,PM
2022-05-26 06:00:00,0.3917448016313406,13,AM
2022-05-26 18:00:00,0.33656437397003175,5,PM
2022-05-27 06:00:00,,0,AM
2022-05-27 18:00:00,0.30766939429136425,13,PM
2022-05-28 06:00:00,0.3399013951420784,4,AM
2022-05-28 18:00:00,,0,PM
2022-05-29 06:00:00,0.2924706752483661,13,AM
2022-05-29 18:00:00,0.2668480185362009,13,PM
2022-05-30 06:00:00,,0,AM
2022-05-30 18:00:00,,0,PM
2022-05-31 06:00:00,0.25072476955560535,13,AM
2022-05-31 18:00:00,,0,PM
2022-06-01 06:00:00,,0,AM
2022-06-01 18:00:00,0.33649497078015256,13,PM
2022-06-02 06:00:00,,0,AM
2022-06-02 18:00:00,,0,PM
2022-06-03 06:00:00,0.3353028641297267,13,AM
2022-06-03 18:00:00,0.3248161792755127,5,PM
2022-06-04 06:00:00,,0,AM
2022-06-04 18:00:00,0.28363089148814863,13,PM
2022-06-05 06:00:00,0.30841649770736695,5,AM
2022-06-05 18:00:00,,0,PM
2022-06-06 06:00:00,0.2530048799056273,13,AM
2022-06-06 18:00:00,0.2732412012723776,13,PM
2022-06-07 06:00:00,,0,AM
2022-06-07 18:00:00,,0,PM
2022-06-08 06:00:00,0.25468071148945737,13,AM
2022-06-08 18:00:00,,0,PM
2022-06-09 06:00:00,,0,AM
2022-06-09 18:00:00,0.21733445272995874,13,PM
2022-06-10 06:00:00,,0,AM
2022-06-10 18:00:00,,0,PM
2022-06-11 06:00:00,0.32023048171630275,13,AM
2022-06-11 18:00:00,0.30307502672076225,8,PM
2022-06-12 06:00:00,,0,AM
2022-06-12 18:00:00,,0,PM
2022-06-13 06:00:00,0.2605872116982937,8,AM
2022-06-13 18:00:00,0.2727955465133374,13,PM
2022-06-14 06:00:00,0.2256613809328813,13,AM
2022-06-14 18:00:00,0.24297995636096367,13,PM
2022-06-15 06:00:00,,0,AM
2022-06-15 18:00:00,,0,PM
2022-06-16 06:00:00,0.21779139683796808,13,AM
2022-06-16 18:00:00,,0,PM
2022-06-17 06:00:00,,0,AM
2022-06-17 18:00:00,0.2727554841683461,13,PM
2022-06-18 06:00:00,,0,AM
2022-06-18 18:00:00,,0,PM
2022-06-19 06:00:00,0.24575902636234576,13,AM
2022-06-19 18:00:00,0.2169187068939209,12,PM
2022-06-20 06:00:00,,0,AM
2022-06-20 18:00:00,,0,PM
2022-06-21 06:00:00,0.2230463380163366,11,AM
2022-06-21 18:00:00,0.21098628410926232,13,PM
2022-06-22 06:00:00,0.19925447954581335,13,AM
2022-06-22 18:00:00,0.2256838965874452,13,PM
2022-06-23 06:00:00,,0,AM
2022-06-23 18:00:00,,0,PM
2022-06-24 06:00:00,0.21270739688323095,13,AM
2022-06-24 18:00:00,,0,PM
2022-06-25 06:00:00,,0,AM
2022-06-25 18:00:00,0.29267306969716,13,PM
2022-06-26 06:00:00,,0,AM
2022-06-26 18:00:00,,0,PM
2022-06-27 06:00:00,0.30987995060590595,13,AM
2022-06-27 18:00:00,0.3617142461813413,13,PM
2022-06-28 06:00:00,,0,AM
2022-06-28 18:00:00,,0,PM
2022-06-29 06:00:00,0.2674414882293114,13,AM
2022-06-29 18:00:00,0.2690528550973305,13,PM
2022-06-30 06:00:00,0.25481539276930004,13,AM
2022-06-30 18:00:00,0.3082199738575862,13,PM
2022-07-01 06:00:00,,0,AM
2022-07-01 18:00:00,,0,PM
2022-07-02 06:00:00,0.2811198910841575,13,AM
2022-07-02 18:00:00,,0,PM
2022-07-03 06:00:00,,0,AM
2022-07-03 18:00:00,0.29111817249884975,13,PM
2022-07-04 06:00:00,,0,AM
2022-07-04 18:00:00,,0,PM
2022-07-05 06:00:00,0.24532057918035066,13,AM
2022-07-05 18:00:00,0.3530058952478262,13,PM
2022-07-06 06:00:00,,0,AM
2022-07-06 18:00:00,,0,PM
2022-07-07 06:00:00,0.2830148385121272,13,AM
2022-07-07 18:00:00,0.2963802103812878,13,PM
2022-07-08 06:00:00,0.24462500329201037,13,AM
2022-07-08 18:00:00,0.23251899847617516,13,PM
2022-07-09 06:00:00,,0,AM
2022-07-09 18:00:00,,0,PM
2022-07-10 06:00:00,0.26672100447691405,13,AM
2022-07-10 18:00:00,,0,PM
2022-07-11 06:00:00,,0,AM
2022-07-11 18:00:00,0.27715987310959744,13,PM
2022-07-12 06:00:00,,0,AM
2022-07-12 18:00:00,,0,PM
2022-07-13 06:00:00,0.2602149465909371,13,AM
2022-07-13 18:00:00,0.25522243852416676,12,PM
2022-07-14 06:00:00,,0,AM
2022-07-14 18:00:00,,0,PM
2022-07-15 06:00:00,0.2599719600244002,11,AM
2022-07-15 18:00:00,0.28944557217451244,13,PM
2022-07-16 06:00:00,0.26255044914208925,13,AM
2022-07-16 18:00:00,0.24706387061339158,13,PM
2022-07-17 06:00:00,,0,AM
2022-07-17 18:00:00,,0,PM
2022-07-18 06:00:00,0.27046822011470795,13,AM
2022-07-18 18:00:00,,0,PM
2022-07-19 06:00:00,,0,AM
2022-07-19 18:00:00,0.22150085751826948,13,PM
2022-07-20 06:00:00,,0,AM
2022-07-20 18:00:00,,0,PM
2022-07-21 06:00:00,0.2133227105324085,13,AM
2022-07-21 18:00:00,0.23168826374140652,11,PM
2022-07-22 06:00:00,,0,AM
2022-07-22 18:00:00,,0,PM
2022-07-23 06:00:00,0.32317800521850587,10,AM
2022-07-23 18:00:00,0.29646320526416486,13,PM
2022-07-24 06:00:00,0.25863513006613803,13,AM
2022-07-24 18:00:00,0.2974160691866508,13,PM
2022-07-25 06:00:00,,0,AM
2022-07-25 18:00:00,,0,PM
2022-07-26 06:00:00,0.2774649503139349,13,AM
2022-07-26 18:00:00,,0,PM
2022-07-27 06:00:00,,0,AM
2022-07-27 18:00:00,0.31077521351667553,13,PM
2022-07-28 06:00:00,,0,AM
2022-07-28 18:00:00,,0,PM
2022-07-29 06:00:00,0.27654735858623797,13,AM
2022-07-29 18:00:00,,0,PM
2022-07-30 06:00:00,,0,AM
2022-07-30 18:00:00,,0,PM
2022-07-31 06:00:00,0.32657771185040474,8,AM
2022-07-31 18:00:00,0.30744429047291094,13,PM
2022-08-01 06:00:00,0.2756992612893765,13,AM
2022-08-01 18:00:00,0.33951876484430754,13,PM
2022-08-02 06:00:00,,0,AM
2022-08-02 18:00:00,,0,PM
2022-08-03 06:00:00,0.286064013838768,13,AM
2022-08-03 18:00:00,,0,PM
2022-08-04 06:00:00,,0,AM
2022-08-04 18:00:00,0.4013835902397449,13,PM
2022-08-05 06:00:00,,0,AM
2022-08-05 18:00:00,,0,PM
2022-08-06 06:00:00,,0,AM
2022-08-06 18:00:00,,0,PM
2022-09-20 06:00:00,,0,AM
2022-09-20 18:00:00,,0,PM
2022-09-22 06:00:00,,0,AM
2022-09-22 18:00:00,,0,PM
2022-09-23 06:00:00,0.20923084593736208,13,AM
2022-09-23 18:00:00,,0,PM
2022-09-24 06:00:00,,0,AM
2022-09-24 18:00:00,0.2008357048034668,13,PM
2022-09-25 06:00:00,,0,AM
2022-09-25 18:00:00,,0,PM
2022-09-26 06:00:00,0.19826127588748932,13,AM
2022-09-26 18:00:00,0.19431767670007852,13,PM
2022-09-27 06:00:00,,0,AM
2022-09-27 18:00:00,,0,PM
2022-09-28 06:00:00,0.21874169661448553,13,AM
2022-09-28 18:00:00,0.18758462713314936,13,PM
2022-09-29 06:00:00,0.20880574790331033,13,AM
2022-09-29 18:00:00,0.1962995082139969,13,PM
2022-09-30 06:00:00,,0,AM
2022-09-30 18:00:00,,0,PM
2022-10-01 06:00:00,0.20835484678928667,13,AM
2022-10-01 18:00:00,,0,PM
2022-10-02 06:00:00,,0,AM
2022-10-02 18:00:00,0.1708301156759262,13,PM
2022-10-03 06:00:00,,0,AM
2022-10-03 18:00:00,,0,PM
2022-10-04 06:00:00,0.18508672828857714,13,AM
2022-10-04 18:00:00,0.16885246522724628,8,PM
2022-10-05 06:00:00,,0,AM
2022-10-05 18:00:00,0.18604255295716798,13,PM
2022-10-06 06:00:00,0.2006641924381256,4,AM
2022-10-06 18:00:00,,0,PM
2022-10-07 06:00:00,0.18264682705585772,13,AM
2022-10-07 18:00:00,0.1801315832596559,13,PM
2022-10-08 06:00:00,,0,AM
2022-10-08 18:00:00,,0,PM
2022-10-09 06:00:00,0.19007041133367097,13,AM
2022-10-09 18:00:00,,0,PM
2022-10-10 06:00:00,,0,AM
2022-10-10 18:00:00,0.17951806348103744,13,PM
2022-10-11 06:00:00,,0,AM
2022-10-11 18:00:00,,0,PM
2022-10-12 06:00:00,0.16562051727221563,13,AM
2022-10-12 18:00:00,0.19696143517891565,6,PM
2022-10-13 06:00:00,,0,AM
2022-10-13 18:00:00,0.2279652483188189,13,PM
2022-10-14 06:00:00,0.24878263473510742,5,AM
2022-10-14 18:00:00,,0,PM
2022-10-15 06:00:00,0.22515442165044638,13,AM
2022-10-15 18:00:00,0.1993943349673198,13,PM
2022-10-16 06:00:00,,0,AM
2022-10-16 18:00:00,,0,PM
2022-10-17 06:00:00,0.18677201867103577,13,AM
2022-10-17 18:00:00,,0,PM
2022-10-18 06:00:00,,0,AM
2022-10-18 18:00:00,0.1726830957027582,13,PM
2022-10-19 06:00:00,,0,AM
2022-10-19 18:00:00,,0,PM
2022-10-20 06:00:00,0.20969699093928704,13,AM
2022-10-20 18:00:00,,0,PM
2022-10-21 06:00:00,,0,AM
2022-10-21 18:00:00,0.16807395563675806,13,PM
2022-10-22 06:00:00,0.16908191330730915,8,AM
2022-10-22 18:00:00,,0,PM
2022-10-23 06:00:00,0.1753287326831084,13,AM
2022-10-23 18:00:00,0.17673551807036766,13,PM
2022-10-24 06:00:00,,0,AM
2022-10-24 18:00:00,,0,PM
2022-10-25 06:00:00,0.1728871579353626,13,AM
2022-10-25 18:00:00,,0,PM
2022-10-26 06:00:00,,0,AM
2022-10-26 18:00:00,0.21180145557110125,13,PM
2022-10-27 06:00:00,,0,AM
2022-10-27 18:00:00,,0,PM
2022-10-28 06:00:00,0.2130519598722458,13,AM
2022-10-28 18:00:00,0.18582745194435119,10,PM
2022-10-29 06:00:00,,0,AM
2022-10-29 18:00:00,,0,PM
2022-10-30 06:00:00,0.2572192500034968,9,AM
2022-10-30 18:00:00,0.2509221572142381,13,PM
2022-10-31 06:00:00,0.22415787898577177,13,AM
2022-10-31 18:00:00,0.2214235755113455,13,PM
2022-11-01 06:00:00,,0,AM
2022-11-01 18:00:00,,0,PM
2022-11-02 06:00:00,0.22995120057692894,13,AM
2022-11-02 18:00:00,,0,PM
2022-11-03 06:00:00,,0,AM
2022-11-03 18:00:00,0.21400616833796868,13,PM
2022-11-04 06:00:00,,0,AM
2022-11-04 18:00:00,,0,PM
2022-11-05 06:00:00,0.42363620492128223,13,AM
2022-11-05 18:00:00,0.28509206663478504,11,PM
2022-11-06 06:00:00,,0,AM
2022-11-06 18:00:00,,0,PM
2022-11-07 06:00:00,,0,AM
2022-11-07 18:00:00,0.29869017004966736,13,PM
2022-11-08 06:00:00,0.27408894896507263,13,AM
2022-11-08 18:00:00,0.2801553194339459,13,PM
2022-11-09 06:00:00,,0,AM
2022-11-09 18:00:00,,0,PM
2022-11-10 06:00:00,0.3016998515679286,13,AM
2022-11-10 18:00:00,,0,PM
2022-11-11 06:00:00,,0,AM
2022-11-11 18:00:00,0.2391236011798565,13,PM
2022-11-12 06:00:00,,0,AM
2022-11-12 18:00:00,,0,PM
2022-11-13 06:00:00,0.3177455021784856,13,AM
2022-11-13 18:00:00,0.22769960083744742,11,PM
2022-11-14 06:00:00,,0,AM
2022-11-14 18:00:00,,0,PM
2022-11-15 06:00:00,0.3420290142297745,10,AM
2022-11-15 18:00:00,0.2426484892001519,13,PM
2022-11-16 06:00:00,,0,AM
2022-11-16 18:00:00,,0,PM
2022-11-18 06:00:00,,0,AM
2022-11-18 18:00:00,,0,PM
2022-11-19 06:00:00,,0,AM
2022-11-19 18:00:00,0.3232765816725217,13,PM
2022-11-20 06:00:00,,0,AM
2022-11-20 18:00:00,,0,PM
2022-11-21 06:00:00,0.324449190726647,13,AM
2022-11-21 18:00:00,0.314375239610672,10,PM
2022-11-22 06:00:00,,0,AM
2022-11-22 18:00:00,,0,PM
2022-11-23 06:00:00,0.30770629942417144,10,AM
2022-11-23 18:00:00,0.2747242313164931,13,PM
2022-11-24 06:00:00,0.2857749095329872,13,AM
2022-11-24 18:00:00,0.4217951251910283,13,PM
2022-11-25 06:00:00,,0,AM
2022-11-25 18:00:00,,0,PM
2022-11-26 06:00:00,0.38667157980111927,13,AM
2022-11-26 18:00:00,,0,PM
2022-11-27 06:00:00,,0,AM
2022-11-27 18:00:00,0.3896593405650212,13,PM
2022-11-28 06:00:00,,0,AM
2022-11-28 18:00:00,,0,PM
2022-11-29 06:00:00,0.3887776273947496,13,AM
2022-11-29 18:00:00,0.36334308981895447,9,PM
2022-11-30 06:00:00,,0,AM
2022-11-30 18:00:00,0.3977143168449402,1,PM
2022-12-01 06:00:00,0.42181047134929234,9,AM
2022-12-01 18:00:00,0.40129327525695163,12,PM
2022-12-02 06:00:00,0.3904868501883287,13,AM
2022-12-02 18:00:00,0.38002286507533145,13,PM
2022-12-03 06:00:00,,0,AM
2022-12-03 18:00:00,,0,PM
2022-12-04 06:00:00,0.41560609294817996,13,AM
2022-12-04 18:00:00,,0,PM
2022-12-05 06:00:00,,0,AM
2022-12-05 18:00:00,0.35324129920739394,13,PM
2022-12-06 06:00:00,,0,AM
2022-12-06 18:00:00,,0,PM
2022-12-07 06:00:00,0.36704049889857954,13,AM
2022-12-07 18:00:00,0.3620281554758549,8,PM
2022-12-08 06:00:00,,0,AM
2022-12-08 18:00:00,0.36881123597805315,13,PM
2022-12-09 06:00:00,0.3537100979260036,7,AM
2022-12-09 18:00:00,,0,PM
2022-12-10 06:00:00,0.34570117867909944,13,AM
2022-12-10 18:00:00,0.35155870822759777,13,PM
2022-12-11 06:00:00,,0,AM
2022-12-11 18:00:00,,0,PM
2022-12-12 06:00:00,0.416175168294173,13,AM
2022-12-12 18:00:00,,0,PM
2022-12-13 06:00:00,,0,AM
2022-12-13 18:00:00,0.38251041449033296,13,PM
2022-12-14 06:00:00,,0,AM
2022-12-14 18:00:00,,0,PM
2022-12-15 06:00:00,0.4318952285326444,13,AM
2022-12-15 18:00:00,0.3907196174065272,6,PM
2022-12-16 06:00:00,,0,AM
2022-12-16 18:00:00,0.40498844247597915,13,PM
2022-12-17 06:00:00,0.39011282920837403,5,AM
2022-12-17 18:00:00,,0,PM
2022-12-18 06:00:00,0.3912817583634303,13,AM
2022-12-18 18:00:00,0.3561556087090419,13,PM
2022-12-19 06:00:00,,0,AM
2022-12-19 18:00:00,,0,PM
2022-12-20 06:00:00,0.43194278386922985,13,AM
2022-12-20 18:00:00,,0,PM
2022-12-21 06:00:00,,0,AM
2022-12-21 18:00:00,0.40367777530963606,13,PM
2022-12-22 06:00:00,,0,AM
2022-12-22 18:00:00,,0,PM
2022-12-23 06:00:00,0.41769161361914414,13,AM
2022-12-23 18:00:00,0.33317041397094727,5,PM
2022-12-24 06:00:00,,0,AM
2022-12-24 18:00:00,0.34425525481884295,13,PM
2022-12-25 06:00:00,0.41264449805021286,4,AM
2022-12-25 18:00:00,,0,PM
2022-12-26 06:00:00,0.3746929054076855,13,AM
2022-12-26 18:00:00,0.3552697323835813,13,PM
2022-12-27 06:00:00,,0,AM
2022-12-27 18:00:00,,0,PM
2022-12-28 06:00:00,0.3914315356658055,13,AM
2022-12-28 18:00:00,,0,PM
2022-12-29 06:00:00,,0,AM
2022-12-29 18:00:00,0.3891417613396278,13,PM
2022-12-30 06:00:00,,0,AM
2022-12-30 18:00:00,,0,PM
2022-12-31 06:00:00,0.43194278386922985,13,AM
2022-12-31 18:00:00,0.4305506561483656,7,PM
2023-01-01 06:00:00,,0,AM
2023-01-01 18:00:00,0.42696506014237035,13,PM
2023-01-02 06:00:00,0.4233766325882503,7,AM
2023-01-02 18:00:00,,0,PM
2023-01-03 06:00:00,0.4088315482322986,13,AM
2023-01-03 18:00:00,0.4215474770619319,13,PM
2023-01-04 06:00:00,,0,AM
2023-01-04 18:00:00,,0,PM
2023-01-05 06:00:00,0.43194278386922985,13,AM
2023-01-05 18:00:00,,0,PM
2023-01-06 06:00:00,,0,AM
2023-01-06 18:00:00,0.41168874272933376,13,PM
2023-01-07 06:00:00,,0,AM
2023-01-07 18:00:00,,0,PM
2023-01-08 06:00:00,0.42120322585105896,13,AM
2023-01-08 18:00:00,0.4299551248550415,11,PM
2023-01-09 06:00:00,,0,AM
2023-01-09 18:00:00,,0,PM
2023-01-10 06:00:00,0.43093449374039966,12,AM
2023-01-10 18:00:00,0.4085754614609938,13,PM
2023-01-11 06:00:00,0.41554298309179455,13,AM
2023-01-11 18:00:00,0.41161378071858334,13,PM
2023-01-12 06:00:00,,0,AM
2023-01-12 18:00:00,,0,PM
2023-01-13 06:00:00,0.4247621435385484,13,AM
2023-01-13 18:00:00,,0,PM
2023-01-14 06:00:00,,0,AM
2023-01-14 18:00:00,0.38158363103866577,13,PM
2023-01-15 06:00:00,,0,AM
2023-01-15 18:00:00,,0,PM
2023-01-16 06:00:00,0.3878407386633066,13,AM
2023-01-16 18:00:00,0.38642646486942583,13,PM
2023-01-17 06:00:00,,0,AM
2023-01-17 18:00:00,,0,PM
2023-01-18 06:00:00,0.38015982050162095,13,AM
2023-01-18 18:00:00,0.3821164346658267,13,PM
2023-01-19 06:00:00,0.43194278386922985,13,AM
2023-01-19 18:00:00,0.41758376130690944,13,PM
2023-01-20 06:00:00,,0,AM
2023-01-20 18:00:00,,0,PM
2023-01-21 06:00:00,0.43194278386922985,13,AM
2023-01-21 18:00:00,,0,PM
2023-01-22 06:00:00,,0,AM
2023-01-22 18:00:00,0.42782101264366734,13,PM
2023-01-23 06:00:00,,0,AM
2023-01-23 18:00:00,,0,PM
2023-01-24 06:00:00,0.4160770315390367,13,AM
2023-01-24 18:00:00,0.4255243012538323,13,PM
2023-01-25 06:00:00,,0,AM
2023-01-25 18:00:00,,0,PM
2023-01-26 06:00:00,0.43194278386922985,13,AM
2023-01-26 18:00:00,0.430837644980504,13,PM
2023-01-27 06:00:00,0.4214196801185608,13,AM
2023-01-27 18:00:00,0.4191473195186028,13,PM
2023-01-28 06:00:00,,0,AM
2023-01-28 18:00:00,,0,PM
2023-01-29 06:00:00,0.4305185285898355,13,AM
2023-01-29 18:00:00,,0,PM
2023-01-30 06:00:00,,0,AM
2023-01-30 18:00:00,0.43194278386922985,13,PM
2023-01-31 06:00:00,,0,AM
2023-01-31 18:00:00,,0,PM
2023-02-01 06:00:00,0.43145066041212815,13,AM
2023-02-01 18:00:00,0.43012120326360065,12,PM
2023-02-02 06:00:00,,0,AM
2023-02-02 18:00:00,,0,PM
2023-02-03 06:00:00,0.4321794152259827,10,AM
2023-02-03 18:00:00,0.43194278386922985,13,PM
2023-02-04 06:00:00,0.43194278386922985,13,AM
2023-02-04 18:00:00,0.4210002834980304,13,PM
2023-02-05 06:00:00,,0,AM
2023-02-05 18:00:00,,0,PM
2023-02-06 06:00:00,0.4308359485406142,13,AM
2023-02-06 18:00:00,,0,PM
2023-02-07 06:00:00,,0,AM
2023-02-07 18:00:00,0.42465291114953846,13,PM
2023-02-08 06:00:00,,0,AM
2023-02-08 18:00:00,,0,PM
2023-02-09 06:00:00,0.43194278386922985,13,AM
2023-02-09 18:00:00,0.42640097439289093,10,PM
2023-02-10 06:00:00,,0,AM
2023-02-10 18:00:00,,0,PM
2023-02-11 06:00:00,0.4303102327717675,9,AM
2023-02-11 18:00:00,0.43194278386922985,13,PM
2023-02-12 06:00:00,0.42913009570195126,13,AM
2023-02-12 18:00:00,0.4304904112449059,13,PM
2023-02-13 06:00:00,,0,AM
2023-02-13 18:00:00,,0,PM
2023-02-14 06:00:00,0.42825959966732907,13,AM
2023-02-14 18:00:00,,0,PM
2023-02-15 06:00:00,,0,AM
2023-02-15 18:00:00,0.4111953859145825,13,PM
2023-02-16 06:00:00,,0,AM
2023-02-16 18:00:00,,0,PM
2023-02-17 06:00:00,0.43194278386922985,13,AM
2023-02-17 18:00:00,0.4300658032298088,12,PM
2023-02-18 06:00:00,,0,AM
2023-02-18 18:00:00,,0,PM
2023-02-19 06:00:00,0.43196617473255505,11,AM
2023-02-19 18:00:00,0.4302488106947679,13,PM
2023-02-20 06:00:00,0.4216141586120312,13,AM
2023-02-20 18:00:00,0.40969775731746966,13,PM
2023-02-21 06:00:00,,0,AM
2023-02-21 18:00:00,,0,PM
2023-02-22 06:00:00,0.4203018362705524,13,AM
2023-02-22 18:00:00,,0,PM
2023-02-23 06:00:00,,0,AM
2023-02-23 18:00:00,,0,PM
2023-02-24 06:00:00,,0,AM
2023-02-24 18:00:00,,0,PM
2023-02-25 06:00:00,0.4142641012485211,13,AM
2023-02-25 18:00:00,0.39298663040002185,12,PM
2023-02-26 06:00:00,,0,AM
2023-02-26 18:00:00,,0,PM
2023-02-27 06:00:00,0.38040532578121533,11,AM
2023-02-27 18:00:00,0.37731932447506833,13,PM
2023-02-28 06:00:00,0.3755178657861856,13,AM
2023-02-28 18:00:00,0.36900904086919933,13,PM
2023-03-01 06:00:00,,0,AM
2023-03-01 18:00:00,,0,PM
2023-03-02 06:00:00,0.3864257014714755,13,AM
2023-03-02 18:00:00,,0,PM
2023-03-03 06:00:00,,0,AM
2023-03-03 18:00:00,0.35992135680638826,13,PM
2023-03-04 06:00:00,,0,AM
2023-03-04 18:00:00,,0,PM
2023-03-05 06:00:00,0.3813179845993335,13,AM
2023-03-05 18:00:00,0.3188894445245916,11,PM
2023-03-06 06:00:00,,0,AM
2023-03-06 18:00:00,,0,PM
2023-03-07 06:00:00,0.33066613806618583,9,AM
2023-03-07 18:00:00,0.32835958095697254,13,PM
2023-03-08 06:00:00,0.31216484078994167,13,AM
2023-03-08 18:00:00,0.3145701610125028,13,PM
2023-03-09 06:00:00,,0,AM
2023-03-09 18:00:00,,0,PM
2023-03-10 06:00:00,0.3057798078426948,13,AM
2023-03-10 18:00:00,,0,PM
2023-03-11 06:00:00,,0,AM
2023-03-11 18:00:00,0.32302949061760533,13,PM
2023-03-12 06:00:00,,0,AM
2023-03-12 18:00:00,,0,PM
2023-03-13 06:00:00,0.32079678086134106,13,AM
2023-03-13 18:00:00,0.2761682527405875,7,PM
2023-03-14 06:00:00,,0,AM
2023-03-14 18:00:00,0.27283188471427333,13,PM
2023-03-15 06:00:00,0.3248909771442413,5,AM
2023-03-15 18:00:00,,0,PM
2023-03-16 06:00:00,0.2953235117288736,13,AM
2023-03-16 18:00:00,0.2784419357776642,13,PM
2023-03-17 06:00:00,,0,AM
2023-03-17 18:00:00,,0,PM
2023-03-18 06:00:00,0.42983997555879444,13,AM
2023-03-18 18:00:00,,0,PM
2023-03-19 06:00:00,,0,AM
2023-03-19 18:00:00,0.3748768613888667,13,PM
2023-03-20 06:00:00,,0,AM
2023-03-20 18:00:00,,0,PM
2023-03-21 06:00:00,0.3729093258197491,13,AM
2023-03-21 18:00:00,0.3688766658306122,5,PM
2023-03-22 06:00:00,,0,AM
2023-03-22 18:00:00,0.36306676497826207,13,PM
2023-03-23 06:00:00,0.3283922076225281,5,AM
2023-03-23 18:00:00,,0,PM
2023-03-24 06:00:00,0.3256079967205341,13,AM
2023-03-24 18:00:00,0.3545749026995439,13,PM
2023-03-25 06:00:00,,0,AM
2023-03-25 18:00:00,,0,PM
2023-03-26 06:00:00,0.3157183596721062,13,AM
2023-03-26 18:00:00,,0,PM
2023-03-27 06:00:00,,0,AM
2023-03-27 18:00:00,0.35591182800439686,13,PM
2023-03-28 06:00:00,,0,AM
2023-03-28 18:00:00,,0,PM
2023-03-29 06:00:00,0.41533024265215945,13,AM
2023-03-29 18:00:00,0.34543356001377107,10,PM
2023-03-30 06:00:00,,0,AM
2023-03-30 18:00:00,,0,PM
2023-03-31 06:00:00,0.34659984045558506,9,AM
2023-03-31 18:00:00,0.33166510325211745,13,PM
2023-04-01 06:00:00,0.33488858204621536,13,AM
2023-04-01 18:00:00,0.3349025524579562,13,PM
2023-04-02 06:00:00,,0,AM
2023-04-02 18:00:00,,0,PM
2023-04-03 06:00:00,0.30975340650631833,13,AM
2023-04-03 18:00:00,,0,PM
2023-04-04 06:00:00,,0,AM
2023-04-04 18:00:00,0.32125460413786083,13,PM
2023-04-05 06:00:00,,0,AM
2023-04-05 18:00:00,,0,PM
2023-04-06 06:00:00,0.30794413273151106,13,AM
2023-04-06 18:00:00,0.41495230252092535,11,PM
2023-04-07 06:00:00,,0,AM
2023-04-07 18:00:00,,0,PM
2023-04-08 06:00:00,0.43210203647613527,10,AM
2023-04-08 18:00:00,0.4314127083008106,13,PM
2023-04-09 06:00:00,0.4248380638085879,13,AM
2023-04-09 18:00:00,0.4272345006465912,13,PM
2023-04-10 06:00:00,,0,AM
2023-04-10 18:00:00,,0,PM
2023-04-11 06:00:00,0.4103918488209064,13,AM
2023-04-11 18:00:00,,0,PM
2023-04-12 06:00:00,,0,AM
2023-04-12 18:00:00,0.37638933383501494,13,PM
2023-04-13 06:00:00,,0,AM
2023-04-13 18:00:00,,0,PM
2023-04-14 06:00:00,0.3784016714646266,13,AM
2023-04-14 18:00:00,0.33506107081969577,12,PM
2023-04-15 06:00:00,,0,AM
2023-04-15 18:00:00,,0,PM
2023-04-16 06:00:00,0.43196617473255505,11,AM
2023-04-16 18:00:00,0.3997433093877939,13,PM
2023-04-17 06:00:00,0.41753122210502625,13,AM
2023-04-17 18:00:00,0.3898988411976741,13,PM
2023-04-18 06:00:00,,0,AM
2023-04-18 18:00:00,,0,PM
2023-04-19 06:00:00,0.39131423830986023,13,AM
2023-04-19 18:00:00,,0,PM
2023-04-20 06:00:00,,0,AM
2023-04-20 18:00:00,0.352474373120528,13,PM
2023-04-21 06:00:00,,0,AM
2023-04-21 18:00:00,,0,PM
2023-04-22 06:00:00,0.4251195123562446,13,AM
2023-04-22 18:00:00,0.3242795846678994,11,PM
2023-04-23 06:00:00,,0,AM
2023-04-23 18:00:00,,0,PM
2023-04-24 06:00:00,0.39266921281814576,10,AM
2023-04-24 18:00:00,0.3524621312434857,13,PM
2023-04-25 06:00:00,0.3646822686378772,13,AM
2023-04-25 18:00:00,0.30304700365433324,13,PM
2023-04-26 06:00:00,,0,AM
2023-04-26 18:00:00,,0,PM
2023-04-27 06:00:00,0.4290618369212517,13,AM
2023-04-27 18:00:00,,0,PM
2023-04-28 06:00:00,,0,AM
2023-04-28 18:00:00,0.3529688853483934,13,PM
2023-04-29 06:00:00,,0,AM
2023-04-29 18:00:00,,0,PM
2023-04-30 06:00:00,0.38394046746767485,13,AM
2023-04-30 18:00:00,0.31426941975951195,12,PM
2023-05-01 06:00:00,,0,AM
2023-05-01 18:00:00,,0,PM
2023-05-02 06:00:00,0.3240153328938918,11,AM
2023-05-02 18:00:00,0.30439634506519025,13,PM
2023-05-03 06:00:00,,0,AM
2023-05-03 18:00:00,,0,PM
2023-05-04 06:00:00,,0,AM
2023-05-04 18:00:00,,0,PM
2023-05-05 06:00:00,0.4309881765108842,13,AM
2023-05-05 18:00:00,,0,PM
2023-05-06 06:00:00,,0,AM
2023-05-06 18:00:00,0.4315010698942038,13,PM
2023-05-07 06:00:00,,0,AM
2023-05-07 18:00:00,,0,PM
2023-05-08 06:00:00,0.391409695148468,13,AM
2023-05-08 18:00:00,0.360235150043781,13,PM
2023-05-09 06:00:00,,0,AM
2023-05-09 18:00:00,,0,PM
2023-05-10 06:00:00,0.40357906543291533,13,AM
2023-05-10 18:00:00,0.4313907325267792,13,PM
2023-05-11 06:00:00,0.3687309668614314,13,AM
2023-05-11 18:00:00,0.38880157699951756,13,PM
2023-05-12 06:00:00,,0,AM
2023-05-12 18:00:00,,0,PM
2023-05-13 06:00:00,0.34982076516518223,13,AM
2023-05-13 18:00:00,,0,PM
2023-05-14 06:00:00,,0,AM
2023-05-14 18:00:00,0.3031059434780708,13,PM
2023-05-15 06:00:00,,0,AM
2023-05-15 18:00:00,,0,PM
2023-05-16 06:00:00,0.3342732030611772,13,AM
2023-05-16 18:00:00,0.2974440363737253,13,PM
2023-05-17 06:00:00,,0,AM
2023-05-17 18:00:00,,0,PM
2023-05-18 06:00:00,0.32652835891796994,13,AM
2023-05-18 18:00:00,0.32590338358512294,13,PM
2023-05-19 06:00:00,0.28620254076444185,13,AM
2023-05-19 18:00:00,0.27514234070594495,13,PM
2023-05-20 06:00:00,,0,AM
2023-05-20 18:00:00,,0,PM
2023-05-21 06:00:00,0.29200507815067583,13,AM
2023-05-21 18:00:00,,0,PM
2023-05-22 06:00:00,,0,AM
2023-05-22 18:00:00,0.23061696497293618,13,PM
2023-05-23 06:00:00,,0,AM
2023-05-23 18:00:00,,0,PM
2023-05-24 06:00:00,0.2387728622326484,13,AM
2023-05-24 18:00:00,0.22787846395602593,13,PM
2023-05-25 06:00:00,,0,AM
2023-05-25 18:00:00,,0,PM
2023-05-26 06:00:00,0.22456888854503632,13,AM
2023-05-26 18:00:00,0.2030466072834455,13,PM
2023-05-27 06:00:00,0.21905080515604752,13,AM
2023-05-27 18:00:00,0.21088530810979697,13,PM
2023-05-28 06:00:00,,0,AM
2023-05-28 18:00:00,,0,PM
2023-05-29 06:00:00,0.20552965425528014,13,AM
2023-05-29 18:00:00,,0,PM
2023-05-30 06:00:00,,0,AM
2023-05-30 18:00:00,0.1923006188410979,13,PM
2023-05-31 06:00:00,,0,AM
2023-05-31 18:00:00,,0,PM
2023-06-01 06:00:00,0.19025465846061707,13,AM
2023-06-01 18:00:00,0.17550139702283418,13,PM
2023-06-02 06:00:00,,0,AM
2023-06-02 18:00:00,,0,PM
2023-06-03 06:00:00,0.18913479034717268,13,AM
2023-06-03 18:00:00,0.1724067903481997,13,PM
2023-06-04 06:00:00,0.27649227013954747,13,AM
2023-06-04 18:00:00,0.28521045125447786,13,PM
2023-06-05 06:00:00,,0,AM
2023-06-05 18:00:00,,0,PM
2023-06-06 06:00:00,0.27426894238361943,13,AM
2023-06-06 18:00:00,,0,PM
2023-06-07 06:00:00,,0,AM
2023-06-07 18:00:00,0.23875977442814753,13,PM
2023-06-08 06:00:00,,0,AM
2023-06-08 18:00:00,,0,PM
2023-06-09 06:00:00,0.2670429807442885,13,AM
2023-06-09 18:00:00,0.22799540024537307,13,PM
2023-06-10 06:00:00,,0,AM
2023-06-10 18:00:00,,0,PM
2023-06-11 06:00:00,,0,AM
2023-06-11 18:00:00,0.21564630247079408,13,PM
2023-06-12 06:00:00,0.1942543788598134,13,AM
2023-06-12 18:00:00,0.21655350006543672,13,PM
2023-06-13 06:00:00,,0,AM
2023-06-13 18:00:00,,0,PM
2023-06-14 06:00:00,0.1990088545359098,13,AM
2023-06-14 18:00:00,,0,PM
2023-06-15 06:00:00,,0,AM
2023-06-15 18:00:00,0.19048394148166364,13,PM
2023-06-16 06:00:00,,0,AM
2023-06-16 18:00:00,,0,PM
2023-06-17 06:00:00,0.18650952669290397,13,AM
2023-06-17 18:00:00,0.23918419828017554,12,PM
2023-06-18 06:00:00,,0,AM
2023-06-18 18:00:00,,0,PM
2023-06-19 06:00:00,0.19881317561322992,11,AM
2023-06-19 18:00:00,0.19563241876088655,13,PM
2023-06-20 06:00:00,0.18891384853766516,13,AM
2023-06-20 18:00:00,0.2909938177237144,13,PM
2023-06-21 06:00:00,,0,AM
2023-06-21 18:00:00,,0,PM
2023-06-22 06:00:00,0.27112617171727693,13,AM
2023-06-22 18:00:00,,0,PM
2023-06-23 06:00:00,,0,AM
2023-06-23 18:00:00,0.2076852722809865,13,PM
2023-06-24 06:00:00,,0,AM
2023-06-24 18:00:00,,0,PM
2023-06-25 06:00:00,0.23595368174406198,13,AM
2023-06-25 18:00:00,0.2014811568790012,9,PM
2023-06-26 06:00:00,,0,AM
2023-06-26 18:00:00,,0,PM
2023-06-27 06:00:00,0.27062334679067135,8,AM
2023-06-27 18:00:00,0.30631086688775283,13,PM
2023-06-28 06:00:00,0.22520978634174055,13,AM
2023-06-28 18:00:00,0.22121867537498474,13,PM
2023-06-29 06:00:00,,0,AM
2023-06-29 18:00:00,,0,PM
2023-06-30 06:00:00,0.20109320947757134,13,AM
2023-06-30 18:00:00,,0,PM
2023-07-01 06:00:00,,0,AM
2023-07-01 18:00:00,0.17405447822350723,13,PM
2023-07-02 06:00:00,,0,AM
2023-07-02 18:00:00,,0,PM
2023-07-03 06:00:00,0.17057655637080854,13,AM
2023-07-03 18:00:00,0.16503119468688965,8,PM
2023-07-04 06:00:00,,0,AM
2023-07-04 18:00:00,,0,PM
2023-07-05 06:00:00,0.17990888468921185,8,AM
2023-07-05 18:00:00,0.15362229943275452,13,PM
2023-07-06 06:00:00,0.23176531952161056,13,AM
2023-07-06 18:00:00,0.19597802712367132,13,PM
2023-07-07 06:00:00,,0,AM
2023-07-07 18:00:00,,0,PM
2023-07-08 06:00:00,0.18821719632698938,13,AM
2023-07-08 18:00:00,,0,PM
2023-07-09 06:00:00,,0,AM
2023-07-09 18:00:00,0.21436913426105791,13,PM
2023-07-10 06:00:00,,0,AM
2023-07-10 18:00:00,,0,PM
2023-07-11 06:00:00,0.1874292905514057,13,AM
2023-07-11 18:00:00,0.18658536507023704,9,PM
2023-07-12 06:00:00,,0,AM
2023-07-12 18:00:00,,0,PM
2023-07-13 06:00:00,0.1818230797847112,9,AM
2023-07-13 18:00:00,0.16590358660771296,13,PM
2023-07-14 06:00:00,0.15731708246927995,13,AM
2023-07-14 18:00:00,0.15765170867626482,13,PM
2023-07-15 06:00:00,,0,AM
2023-07-15 18:00:00,,0,PM
2023-07-16 06:00:00,0.15503153548790857,13,AM
2023-07-16 18:00:00,,0,PM
2023-07-17 06:00:00,,0,AM
2023-07-17 18:00:00,0.24448933968177208,13,PM
2023-07-18 06:00:00,,0,AM
2023-07-18 18:00:00,,0,PM
2023-07-19 06:00:00,0.2254572052222032,13,AM
2023-07-19 18:00:00,0.19635580480098724,9,PM
2023-07-20 06:00:00,,0,AM
2023-07-20 18:00:00,,0,PM
2023-07-21 06:00:00,,0,AM
2023-07-21 18:00:00,0.17922372084397536,13,PM
2023-07-22 06:00:00,0.16037910259686983,13,AM
2023-07-22 18:00:00,0.2568741119824923,13,PM
2023-07-23 06:00:00,,0,AM
2023-07-23 18:00:00,,0,PM
2023-07-24 06:00:00,0.1932575679742373,13,AM
2023-07-24 18:00:00,,0,PM
2023-07-25 06:00:00,,0,AM
2023-07-25 18:00:00,0.1449904407446201,13,PM
2023-07-26 06:00:00,,0,AM
2023-07-26 18:00:00,,0,PM
2023-07-27 06:00:00,0.17531329622635475,13,AM
2023-07-27 18:00:00,0.14917727932333946,8,PM
2023-07-28 06:00:00,,0,AM
2023-07-28 18:00:00,,0,PM
2023-07-29 06:00:00,0.17749629701886857,7,AM
2023-07-29 18:00:00,0.14142489662537208,13,PM
2023-07-30 06:00:00,0.1533136969575515,13,AM
2023-07-30 18:00:00,0.13991788832040933,13,PM
2023-07-31 06:00:00,,0,AM
2023-07-31 18:00:00,,0,PM
2023-08-01 06:00:00,0.18818656756327704,13,AM
2023-08-01 18:00:00,,0,PM
2023-08-02 06:00:00,,0,AM
2023-08-02 18:00:00,0.27150058860962206,13,PM
2023-08-03 06:00:00,,0,AM
2023-08-03 18:00:00,,0,PM
2023-08-04 06:00:00,0.2109101563692093,13,AM
2023-08-04 18:00:00,0.13496235013008118,7,PM
2023-08-05 06:00:00,,0,AM
2023-08-05 18:00:00,0.16815383732318878,7,PM
2023-08-06 06:00:00,0.17574984686715261,7,AM
2023-08-06 18:00:00,0.14848693211873373,6,PM
2023-08-07 06:00:00,0.14770604154238334,13,AM
2023-08-07 18:00:00,0.14644322372399843,13,PM
2023-08-08 06:00:00,,0,AM
2023-08-08 18:00:00,,0,PM
2023-08-09 06:00:00,0.15848818650612465,13,AM
2023-08-09 18:00:00,,0,PM
2023-08-10 06:00:00,,0,AM
2023-08-10 18:00:00,0.1419237611385492,13,PM
2023-08-11 06:00:00,,0,AM
2023-08-11 18:00:00,,0,PM
2023-08-12 06:00:00,0.15534116327762604,13,AM
2023-08-12 18:00:00,0.13465613375107446,9,PM
2023-08-13 06:00:00,,0,AM
2023-08-13 18:00:00,,0,PM
2023-08-14 06:00:00,0.15263809429274666,9,AM
2023-08-14 18:00:00,0.138130600635822,13,PM
2023-08-15 06:00:00,0.13815965560766366,13,AM
2023-08-15 18:00:00,0.14123893529176712,13,PM
2023-08-16 06:00:00,,0,AM
2023-08-16 18:00:00,,0,PM
2023-08-17 06:00:00,0.17418649792671204,13,AM
2023-08-17 18:00:00,,0,PM
2023-08-18 06:00:00,,0,AM
2023-08-18 18:00:00,0.1209563882305072,13,PM
2023-08-19 06:00:00,,0,AM
2023-08-19 18:00:00,,0,PM
2023-08-20 06:00:00,0.15417383496577924,13,AM
2023-08-20 18:00:00,0.14140145406126975,10,PM
2023-08-21 06:00:00,,0,AM
2023-08-21 18:00:00,,0,PM
2023-08-22 06:00:00,0.1553296215004391,9,AM
2023-08-22 18:00:00,0.12958694421328032,13,PM
2023-08-23 06:00:00,0.14226506822384322,13,AM
2023-08-23 18:00:00,0.16028997416679674,13,PM
2023-08-24 06:00:00,,0,AM
2023-08-24 18:00:00,,0,PM
2023-08-25 06:00:00,0.1789656155384504,13,AM
2023-08-25 18:00:00,,0,PM
2023-08-26 06:00:00,,0,AM
2023-08-26 18:00:00,0.1698699157971602,13,PM
2023-08-27 06:00:00,,0,AM
2023-08-27 18:00:00,,0,PM
2023-08-28 06:00:00,0.234687219445522,13,AM
2023-08-28 18:00:00,0.22887107282876967,10,PM
2023-08-29 06:00:00,,0,AM
2023-08-29 18:00:00,,0,PM
2023-08-30 06:00:00,0.2310083789957894,9,AM
2023-08-30 18:00:00,0.197373071542153,13,PM
2023-08-31 06:00:00,0.20082008380156297,13,AM
2023-08-31 18:00:00,0.18165301015743843,13,PM
2023-09-01 06:00:00,,0,AM
2023-09-01 18:00:00,,0,PM
2023-09-02 06:00:00,0.1700418580036897,13,AM
2023-09-02 18:00:00,,0,PM
2023-09-03 06:00:00,,0,AM
2023-09-03 18:00:00,0.18408444294562706,13,PM
2023-09-04 06:00:00,,0,AM
2023-09-04 18:00:00,,0,PM
2023-09-05 06:00:00,0.17703878077176902,13,AM
2023-09-05 18:00:00,0.21779470145702362,9,PM
2023-09-06 06:00:00,,0,AM
2023-09-06 18:00:00,,0,PM
2023-09-07 06:00:00,0.1817475575953722,8,AM
2023-09-07 18:00:00,0.17931110583818877,13,PM
2023-09-08 06:00:00,0.2096914121737847,13,AM
2023-09-08 18:00:00,0.28214455911746394,13,PM
2023-09-09 06:00:00,,0,AM
2023-09-09 18:00:00,,0,PM
2023-09-10 06:00:00,0.24189631984784052,13,AM
2023-09-10 18:00:00,,0,PM
2023-09-11 06:00:00,,0,AM
2023-09-11 18:00:00,0.17605179319014916,13,PM
2023-09-12 06:00:00,,0,AM
2023-09-12 18:00:00,,0,PM
2023-09-13 06:00:00,0.176408324104089,13,AM
2023-09-13 18:00:00,0.20239944117409842,7,PM
2023-09-14 06:00:00,,0,AM
2023-09-14 18:00:00,0.1806253458444889,13,PM
2023-09-15 06:00:00,0.1954723209142685,5,AM
2023-09-15 18:00:00,,0,PM
2023-09-16 06:00:00,0.16669468237803534,13,AM
2023-09-16 18:00:00,0.15836499402156243,13,PM
2023-09-17 06:00:00,,0,AM
2023-09-17 18:00:00,,0,PM
2023-09-18 06:00:00,0.18600304080889776,13,AM
2023-09-18 18:00:00,,0,PM
2023-09-19 06:00:00,,0,AM
2023-09-19 18:00:00,0.14625167903991845,13,PM
2023-09-20 06:00:00,,0,AM
2023-09-20 18:00:00,,0,PM
2023-09-21 06:00:00,0.14462486367959243,13,AM
2023-09-21 18:00:00,0.1486265927553177,5,PM
2023-09-22 06:00:00,,0,AM
2023-09-22 18:00:00,0.17478152421804574,13,PM
2023-09-23 06:00:00,0.18568482249975204,4,AM
2023-09-23 18:00:00,,0,PM
2023-09-24 06:00:00,0.14657307015015528,13,AM
2023-09-24 18:00:00,0.16906148080642408,13,PM
2023-09-25 06:00:00,,0,AM
2023-09-25 18:00:00,,0,PM
2023-09-26 06:00:00,0.15747382663763487,13,AM
2023-09-26 18:00:00,,0,PM
2023-09-27 06:00:00,,0,AM
2023-09-27 18:00:00,0.1653310668009978,13,PM
2023-09-28 06:00:00,,0,AM
2023-09-28 18:00:00,,0,PM
2023-09-29 06:00:00,0.16584549500392035,13,AM
2023-09-29 18:00:00,0.1587849905093511,6,PM
2023-09-30 06:00:00,,0,AM
2023-09-30 18:00:00,0.1489096570473451,13,PM
2023-10-01 06:00:00,0.19440574645996095,5,AM
2023-10-01 18:00:00,,0,PM
2023-10-02 06:00:00,0.15757782012224197,13,AM
2023-10-02 18:00:00,0.138730716246825,13,PM
2023-10-03 06:00:00,,0,AM
2023-10-03 18:00:00,,0,PM
2023-10-04 06:00:00,0.14779767737938806,13,AM
2023-10-04 18:00:00,,0,PM
2023-10-05 06:00:00,,0,AM
2023-10-05 18:00:00,0.15239344308009514,13,PM
2023-10-06 06:00:00,,0,AM
2023-10-06 18:00:00,,0,PM
2023-10-07 06:00:00,0.1654746922162863,13,AM
2023-10-07 18:00:00,0.13334852953751883,6,PM
2023-10-08 06:00:00,,0,AM
2023-10-08 18:00:00,0.1389166718492141,13,PM
2023-10-09 06:00:00,0.18276455253362656,4,AM
2023-10-09 18:00:00,,0,PM
2023-10-10 06:00:00,0.1469853766835653,13,AM
2023-10-10 18:00:00,0.13257622260313767,13,PM
2023-10-11 06:00:00,,0,AM
2023-10-11 18:00:00,,0,PM
2023-10-12 06:00:00,0.25256297565423524,13,AM
2023-10-12 18:00:00,,0,PM
2023-10-13 06:00:00,,0,AM
2023-10-13 18:00:00,0.22428575272743517,13,PM
2023-10-14 06:00:00,,0,AM
2023-10-14 18:00:00,,0,PM
2023-10-15 06:00:00,0.23844362795352936,13,AM
2023-10-15 18:00:00,0.17812088429927825,5,PM
2023-10-16 06:00:00,,0,AM
2023-10-16 18:00:00,0.17331113265110895,13,PM
2023-10-17 06:00:00,0.23126770928502083,4,AM
2023-10-17 18:00:00,,0,PM
2023-10-18 06:00:00,0.17516079315772423,13,AM
2023-10-18 18:00:00,0.15732964070943686,13,PM
2023-10-19 06:00:00,,0,AM
2023-10-19 18:00:00,,0,PM
2023-10-20 06:00:00,0.14423368126153946,13,AM
2023-10-20 18:00:00,,0,PM
2023-10-21 06:00:00,,0,AM
2023-10-21 18:00:00,0.160549052632772,13,PM
2023-10-22 06:00:00,,0,AM
2023-10-22 18:00:00,,0,PM
2023-10-23 06:00:00,0.15997761144087866,13,AM
2023-10-23 18:00:00,0.17001960873603822,5,PM
2023-10-24 06:00:00,,0,AM
2023-10-24 18:00:00,0.1517760570232685,13,PM
2023-10-25 06:00:00,0.17744195088744164,4,AM
2023-10-25 18:00:00,,0,PM
2023-10-26 06:00:00,0.15425393673089835,13,AM
2023-10-26 18:00:00,0.16908419132232666,13,PM
2023-10-27 06:00:00,,0,AM
2023-10-27 18:00:00,,0,PM
2023-10-28 06:00:00,0.1619130510550279,13,AM
2023-10-28 18:00:00,,0,PM
2023-10-29 06:00:00,,0,AM
2023-10-29 18:00:00,0.1641742724638719,13,PM
2023-10-30 06:00:00,,0,AM
2023-10-30 18:00:00,,0,PM
2023-10-31 06:00:00,0.17785964562342718,13,AM
2023-10-31 18:00:00,0.1274021714925766,6,PM
2023-11-01 06:00:00,,0,AM
2023-11-01 18:00:00,0.12955806461664346,13,PM
2023-11-02 06:00:00,0.17566531002521515,5,AM
2023-11-02 18:00:00,,0,PM
2023-11-03 06:00:00,0.15811597613187936,13,AM
2023-11-03 18:00:00,0.13569924865777677,13,PM
2023-11-04 06:00:00,,0,AM
2023-11-04 18:00:00,,0,PM
2023-11-05 06:00:00,0.1670778554219466,13,AM
2023-11-05 18:00:00,,0,PM
2023-11-06 06:00:00,,0,AM
2023-11-06 18:00:00,0.1591565620440703,13,PM
2023-11-07 06:00:00,,0,AM
2023-11-07 18:00:00,,0,PM
2023-11-08 06:00:00,0.15341107547283173,13,AM
2023-11-08 18:00:00,0.15806692838668823,6,PM
2023-11-09 06:00:00,,0,AM
2023-11-09 18:00:00,0.14442917647270057,13,PM
2023-11-10 06:00:00,0.16659605130553246,4,AM
2023-11-10 18:00:00,,0,PM
2023-11-11 06:00:00,0.1445936904503749,13,AM
2023-11-11 18:00:00,0.14989272619669253,13,PM
2023-11-12 06:00:00,,0,AM
2023-11-12 18:00:00,,0,PM
2023-11-13 06:00:00,0.17428919329093054,13,AM
2023-11-13 18:00:00,,0,PM
2023-11-14 06:00:00,,0,AM
2023-11-14 18:00:00,0.3447394806605119,13,PM
2023-11-15 06:00:00,,0,AM
2023-11-15 18:00:00,,0,PM
2023-11-16 06:00:00,0.2816871771445641,13,AM
2023-11-16 18:00:00,0.3030103087425232,5,PM
2023-11-17 06:00:00,,0,AM
2023-11-17 18:00:00,0.2599552399837054,13,PM
2023-11-18 06:00:00,0.2961629778146744,4,AM
2023-11-18 18:00:00,,0,PM
2023-11-19 06:00:00,0.3084126733816587,13,AM
2023-11-19 18:00:00,0.2771920802501532,13,PM
2023-11-20 06:00:00,,0,AM
2023-11-20 18:00:00,,0,PM
2023-11-21 06:00:00,0.30616400792048526,13,AM
2023-11-21 18:00:00,,0,PM
2023-11-22 06:00:00,,0,AM
2023-11-22 18:00:00,0.2798505700551547,13,PM
2023-11-23 06:00:00,,0,AM
2023-11-23 18:00:00,,0,PM
2023-11-24 06:00:00,0.26989532777896297,13,AM
2023-11-24 18:00:00,0.2791995942592621,5,PM
2023-11-25 06:00:00,,0,AM
2023-11-25 18:00:00,0.2695469787487617,13,PM
2023-11-26 06:00:00,0.27590736001729965,4,AM
2023-11-26 18:00:00,,0,PM
2023-11-27 06:00:00,0.30435025462737453,13,AM
2023-11-27 18:00:00,0.25276065789736235,13,PM
2023-11-28 06:00:00,,0,AM
2023-11-28 18:00:00,,0,PM
2023-11-29 06:00:00,0.28642147320967454,13,AM
2023-11-29 18:00:00,,0,PM
2023-11-30 06:00:00,,0,AM
2023-11-30 18:00:00,0.27794670829406154,13,PM
2023-12-01 06:00:00,,0,AM
2023-12-01 18:00:00,,0,PM
2023-12-02 06:00:00,0.39177130506588864,13,AM
2023-12-02 18:00:00,0.343053651707513,7,PM
2023-12-03 06:00:00,,0,AM
2023-12-03 18:00:00,,0,PM
2023-12-04 06:00:00,0.3790984068598066,7,AM
2023-12-04 18:00:00,0.36647239098182094,13,PM
2023-12-05 06:00:00,0.3560090729823479,13,AM
2023-12-05 18:00:00,0.32286173563737136,13,PM
2023-12-06 06:00:00,,0,AM
2023-12-06 18:00:00,,0,PM
2023-12-07 06:00:00,0.3231402520950024,13,AM
2023-12-07 18:00:00,,0,PM
2023-12-08 06:00:00,,0,AM
2023-12-08 18:00:00,0.26462748646736145,13,PM
2023-12-09 06:00:00,,0,AM
2023-12-09 18:00:00,,0,PM
2023-12-10 06:00:00,0.4120777661983783,13,AM
2023-12-10 18:00:00,0.34703995452986824,9,PM
2023-12-11 06:00:00,,0,AM
2023-12-11 18:00:00,,0,PM
2023-12-12 06:00:00,0.3446752230326335,9,AM
2023-12-12 18:00:00,0.3230230670708876,13,PM
2023-12-13 06:00:00,0.32868449275310224,13,AM
2023-12-13 18:00:00,0.31953828839155346,13,PM
2023-12-14 06:00:00,,0,AM
2023-12-14 18:00:00,,0,PM
2023-12-15 06:00:00,0.31993855650608355,13,AM
2023-12-15 18:00:00,,0,PM
2023-12-16 06:00:00,,0,AM
2023-12-16 18:00:00,0.35740653368142933,13,PM
2023-12-17 06:00:00,,0,AM
2023-12-17 18:00:00,,0,PM
2023-12-18 06:00:00,0.36820942851213306,13,AM
2023-12-18 18:00:00,0.3202379822731018,10,PM
2023-12-19 06:00:00,,0,AM
2023-12-19 18:00:00,,0,PM
2023-12-20 06:00:00,0.34734340839915806,9,AM
2023-12-20 18:00:00,0.3062739807825822,13,PM
2023-12-21 06:00:00,0.33040977670596194,13,AM
2023-12-21 18:00:00,0.30021159236247724,13,PM
2023-12-22 06:00:00,,0,AM
2023-12-22 18:00:00,,0,PM
2023-12-23 06:00:00,0.3001738993021158,13,AM
2023-12-23 18:00:00,,0,PM
2023-12-24 06:00:00,,0,AM
2023-12-24 18:00:00,0.42017585268387425,13,PM
2023-12-25 06:00:00,,0,AM
2023-12-25 18:00:00,,0,PM
2023-12-26 06:00:00,0.4048883616924286,13,AM
2023-12-26 18:00:00,0.3351958725187514,9,PM
2023-12-27 06:00:00,,0,AM
2023-12-27 18:00:00,,0,PM
2023-12-28 06:00:00,,0,AM
2023-12-28 18:00:00,0.3378209953124707,13,PM
2023-12-29 06:00:00,0.3472904356626364,13,AM
2023-12-29 18:00:00,0.3024994203677544,13,PM
2023-12-30 06:00:00,,0,AM
2023-12-30 18:00:00,,0,PM
2023-12-31 06:00:00,0.3417038573668553,13,AM
2023-12-31 18:00:00,,0,PM
2024-01-01 06:00:00,,0,AM
2024-01-01 18:00:00,0.3111413281697493,13,PM
2024-01-02 06:00:00,,0,AM
2024-01-02 18:00:00,,0,PM
2024-01-03 06:00:00,0.41739121079444885,13,AM
2024-01-03 18:00:00,0.33322479895183016,7,PM
2024-01-04 06:00:00,,0,AM
2024-01-04 18:00:00,,0,PM
2024-01-05 06:00:00,0.37123115062713624,5,AM
2024-01-05 18:00:00,0.3411009219976572,13,PM
2024-01-06 06:00:00,0.3866075025154994,13,AM
2024-01-06 18:00:00,0.37029966482749355,13,PM
2024-01-07 06:00:00,,0,AM
2024-01-07 18:00:00,,0,PM
2024-01-08 06:00:00,0.37807515034308803,13,AM
2024-01-08 18:00:00,,0,PM
2024-01-09 06:00:00,,0,AM
2024-01-09 18:00:00,0.3897923116500561,13,PM
2024-01-10 06:00:00,,0,AM
2024-01-10 18:00:00,,0,PM
2024-01-11 06:00:00,0.3711382723771609,13,AM
2024-01-11 18:00:00,0.3847539722919464,5,PM
2024-01-12 06:00:00,,0,AM
2024-01-12 18:00:00,0.36590866171396697,13,PM
2024-01-13 06:00:00,0.4142882823944092,5,AM
2024-01-13 18:00:00,,0,PM
2024-01-14 06:00:00,0.3708315698000101,13,AM
2024-01-14 18:00:00,0.3560972328369434,13,PM
2024-01-15 06:00:00,,0,AM
2024-01-15 18:00:00,,0,PM
2024-01-16 06:00:00,0.3588789953635289,13,AM
2024-01-16 18:00:00,,0,PM
2024-01-17 06:00:00,,0,AM
2024-01-17 18:00:00,0.2934843725883044,13,PM
2024-01-18 06:00:00,,0,AM
2024-01-18 18:00:00,,0,PM
2024-01-19 06:00:00,0.3227810882605039,13,AM
2024-01-19 18:00:00,0.31163364223071505,7,PM
2024-01-20 06:00:00,,0,AM
2024-01-20 18:00:00,,0,PM
2024-01-21 06:00:00,0.35114260230745586,7,AM
2024-01-21 18:00:00,0.2941166345889752,13,PM
2024-01-22 06:00:00,0.3197698638989375,13,AM
2024-01-22 18:00:00,0.31731716715372527,13,PM
2024-01-23 06:00:00,,0,AM
2024-01-23 18:00:00,,0,PM
2024-01-24 06:00:00,0.3653291899424333,13,AM
2024-01-24 18:00:00,,0,PM
2024-01-25 06:00:00,,0,AM
2024-01-25 18:00:00,0.43194278386922985,13,PM
2024-01-26 06:00:00,,0,AM
2024-01-26 18:00:00,,0,PM
2024-01-27 06:00:00,0.43194278386922985,13,AM
2024-01-27 18:00:00,0.43306301534175873,8,PM
2024-01-28 06:00:00,,0,AM
2024-01-28 18:00:00,,0,PM
2024-01-29 06:00:00,,0,AM
2024-01-29 18:00:00,0.42100026515813976,13,PM
2024-01-30 06:00:00,0.42938153331096357,13,AM
2024-01-30 18:00:00,0.4130911139341501,13,PM
2024-01-31 06:00:00,,0,AM
2024-01-31 18:00:00,,0,PM
2024-02-01 06:00:00,0.417070597410202,13,AM
2024-02-01 18:00:00,,0,PM
2024-02-02 06:00:00,,0,AM
2024-02-02 18:00:00,0.3879774442085853,13,PM
2024-02-03 06:00:00,,0,AM
2024-02-03 18:00:00,,0,PM
2024-02-04 06:00:00,0.43194278386922985,13,AM
2024-02-04 18:00:00,0.4244971387088299,8,PM
2024-02-05 06:00:00,,0,AM
2024-02-05 18:00:00,,0,PM
2024-02-06 06:00:00,0.4230935403278896,7,AM
2024-02-06 18:00:00,0.39342928391236526,13,PM
2024-02-07 06:00:00,0.39777259872509885,13,AM
2024-02-07 18:00:00,0.3923883300561171,13,PM
2024-02-08 06:00:00,,0,AM
2024-02-08 18:00:00,,0,PM
2024-02-09 06:00:00,0.4107159628317906,13,AM
2024-02-09 18:00:00,,0,PM
2024-02-10 06:00:00,,0,AM
2024-02-10 18:00:00,0.3953474026459914,13,PM
2024-02-11 06:00:00,,0,AM
2024-02-11 18:00:00,,0,PM
2024-02-12 06:00:00,0.43194278386922985,13,AM
2024-02-12 18:00:00,0.40543416142463684,7,PM
2024-02-13 06:00:00,,0,AM
2024-02-13 18:00:00,0.4070302631173815,7,PM
2024-02-14 06:00:00,0.4164551317691803,5,AM
2024-02-14 18:00:00,0.36802498002847034,6,PM
2024-02-15 06:00:00,0.4008120114986713,13,AM
2024-02-15 18:00:00,0.4041746763082651,13,PM
2024-02-16 06:00:00,,0,AM
2024-02-16 18:00:00,,0,PM
2024-02-17 06:00:00,0.4200704533320207,13,AM
2024-02-17 18:00:00,,0,PM
2024-02-18 06:00:00,,0,AM
2024-02-18 18:00:00,0.35810793133882374,13,PM
2024-02-19 06:00:00,,0,AM
2024-02-19 18:00:00,,0,PM
2024-02-20 06:00:00,0.38572396223361677,13,AM
2024-02-20 18:00:00,0.3537284880876541,8,PM
2024-02-21 06:00:00,,0,AM
2024-02-21 18:00:00,,0,PM
2024-02-22 06:00:00,0.349994248814053,9,AM
2024-02-22 18:00:00,0.3450803871338184,13,PM
2024-02-23 06:00:00,0.33278523958646333,13,AM
2024-02-23 18:00:00,0.32461969210551334,13,PM
2024-02-24 06:00:00,,0,AM
2024-02-24 18:00:00,,0,PM
2024-02-25 06:00:00,0.35813942322364223,13,AM
2024-02-25 18:00:00,,0,PM
2024-02-26 06:00:00,,0,AM
2024-02-26 18:00:00,0.3048029060547168,13,PM
2024-02-27 06:00:00,,0,AM
2024-02-27 18:00:00,,0,PM
2024-02-28 06:00:00,0.2996140947708717,13,AM
2024-02-28 18:00:00,0.300404356284575,11,PM
2024-02-29 06:00:00,,0,AM
2024-02-29 18:00:00,,0,PM
2024-03-01 06:00:00,0.4295120179653168,10,AM
2024-03-01 18:00:00,0.2717353942302557,13,PM
2024-03-02 06:00:00,,0,AM
2024-03-02 18:00:00,0.3998594696705158,13,PM
2024-03-03 06:00:00,,0,AM
2024-03-03 18:00:00,,0,PM
2024-03-04 06:00:00,0.36759175474827105,13,AM
2024-03-04 18:00:00,,0,PM
2024-03-05 06:00:00,,0,AM
2024-03-05 18:00:00,0.42287946205872756,13,PM
2024-03-06 06:00:00,,0,AM
2024-03-06 18:00:00,,0,PM
2024-03-07 06:00:00,0.41529810199370754,13,AM
2024-03-07 18:00:00,0.38210105150938034,12,PM
2024-03-08 06:00:00,,0,AM
2024-03-08 18:00:00,,0,PM
2024-03-09 06:00:00,0.42263278365135193,12,AM
2024-03-09 18:00:00,0.42247403584993803,13,PM
2024-03-10 06:00:00,0.4268692754782163,13,AM
2024-03-10 18:00:00,0.3636731986816113,13,PM
2024-03-11 06:00:00,,0,AM
2024-03-11 18:00:00,,0,PM
2024-03-12 06:00:00,0.3963533639907837,13,AM
2024-03-12 18:00:00,,0,PM
2024-03-13 06:00:00,,0,AM
2024-03-13 18:00:00,0.3568885303460635,13,PM
2024-03-14 06:00:00,,0,AM
2024-03-14 18:00:00,,0,PM
2024-03-15 06:00:00,0.35093937241114104,13,AM
2024-03-15 18:00:00,0.3818988112302927,13,PM
2024-03-16 06:00:00,,0,AM
2024-03-16 18:00:00,,0,PM
2024-03-17 06:00:00,0.41767894228299457,12,AM
2024-03-17 18:00:00,0.38680569254435027,13,PM
2024-03-18 06:00:00,0.43194278386922985,13,AM
2024-03-18 18:00:00,0.3993633527022142,13,PM
2024-03-19 06:00:00,,0,AM
2024-03-19 18:00:00,,0,PM
2024-03-20 06:00:00,0.40304021881176877,13,AM
2024-03-20 18:00:00,,0,PM
2024-03-21 06:00:00,,0,AM
2024-03-21 18:00:00,0.40904661554556626,13,PM
2024-03-22 06:00:00,,0,AM
2024-03-22 18:00:00,,0,PM
2024-03-23 06:00:00,0.39763522835878223,13,AM
2024-03-23 18:00:00,0.3635443647702535,12,PM
2024-03-24 06:00:00,,0,AM
2024-03-24 18:00:00,,0,PM
2024-03-25 06:00:00,0.35254040360450745,11,AM
2024-03-25 18:00:00,0.3647054365048042,13,PM
2024-03-26 06:00:00,0.43194278386922985,13,AM
2024-03-26 18:00:00,0.41241803765296936,13,PM
2024-03-27 06:00:00,,0,AM
2024-03-27 18:00:00,,0,PM
2024-03-28 06:00:00,,0,AM
2024-03-28 18:00:00,,0,PM
2024-03-29 06:00:00,,0,AM
2024-03-29 18:00:00,0.34151676755685073,13,PM
2024-03-30 06:00:00,,0,AM
2024-03-30 18:00:00,,0,PM
2024-03-31 06:00:00,0.36303584621502805,13,AM
2024-03-31 18:00:00,0.3362375299135844,9,PM
2024-04-01 06:00:00,,0,AM
2024-04-01 18:00:00,,0,PM
2024-04-02 06:00:00,0.3470288557665689,7,AM
2024-04-02 18:00:00,0.3302374298755939,13,PM
2024-04-03 06:00:00,0.3397607092673962,13,AM
2024-04-03 18:00:00,0.2781430666263287,13,PM
2024-04-04 06:00:00,,0,AM
2024-04-04 18:00:00,,0,PM
2024-04-05 06:00:00,0.32277002930641174,13,AM
2024-04-05 18:00:00,,0,PM
2024-04-06 06:00:00,,0,AM
2024-04-06 18:00:00,0.26981555498563325,13,PM
2024-04-07 06:00:00,,0,AM
2024-04-07 18:00:00,,0,PM
2024-04-08 06:00:00,0.25902900443627286,13,AM
2024-04-08 18:00:00,0.3013730704784393,5,PM
2024-04-09 06:00:00,,0,AM
2024-04-09 18:00:00,0.26347462832927704,13,PM
2024-04-10 06:00:00,0.33162419497966766,4,AM
2024-04-10 18:00:00,,0,PM
2024-04-11 06:00:00,0.4068115193110246,13,AM
2024-04-11 18:00:00,0.3584277354753934,13,PM
2024-04-12 06:00:00,,0,AM
2024-04-12 18:00:00,,0,PM
2024-04-13 06:00:00,0.36490256511248076,13,AM
2024-04-13 18:00:00,,0,PM
2024-04-14 06:00:00,,0,AM
2024-04-14 18:00:00,0.2854321002960205,13,PM
2024-04-15 06:00:00,,0,AM
2024-04-15 18:00:00,,0,PM
2024-04-16 06:00:00,0.3113421408029703,13,AM
2024-04-16 18:00:00,0.2790509909391403,6,PM
2024-04-17 06:00:00,,0,AM
2024-04-17 18:00:00,,0,PM
2024-04-18 06:00:00,,0,AM
2024-04-18 18:00:00,0.269878272826855,13,PM
2024-04-19 06:00:00,0.23806414810510781,13,AM
2024-04-19 18:00:00,0.25486211020212907,13,PM
2024-04-20 06:00:00,,0,AM
2024-04-20 18:00:00,,0,PM
2024-04-21 06:00:00,0.32186247752263,13,AM
2024-04-21 18:00:00,,0,PM
2024-04-22 06:00:00,,0,AM
2024-04-22 18:00:00,0.22986050981741685,13,PM
2024-04-23 06:00:00,,0,AM
2024-04-23 18:00:00,,0,PM
2024-04-24 06:00:00,0.2581434811537082,13,AM
2024-04-24 18:00:00,0.21993007404463633,7,PM
2024-04-25 06:00:00,,0,AM
2024-04-25 18:00:00,,0,PM
2024-04-26 06:00:00,0.24448527147372565,6,AM
2024-04-26 18:00:00,0.21699446439743042,13,PM
2024-04-27 06:00:00,0.20231624864614928,13,AM
2024-04-27 18:00:00,0.22888659170040718,13,PM
2024-04-28 06:00:00,,0,AM
2024-04-28 18:00:00,,0,PM
2024-04-29 06:00:00,0.2763845439140613,13,AM
2024-04-29 18:00:00,,0,PM
2024-04-30 06:00:00,,0,AM
2024-04-30 18:00:00,0.2798825422158608,13,PM
2024-05-01 06:00:00,,0,AM
2024-05-01 18:00:00,,0,PM
2024-05-02 06:00:00,0.2817822007032541,13,AM
2024-05-02 18:00:00,0.2805410971244176,6,PM
2024-05-03 06:00:00,,0,AM
2024-05-03 18:00:00,,0,PM
2024-05-04 06:00:00,0.3511633276939392,5,AM
2024-05-04 18:00:00,0.33281923486636233,13,PM
2024-05-05 06:00:00,0.29857264115260196,13,AM
2024-05-05 18:00:00,0.32090306740540725,13,PM
2024-05-06 06:00:00,,0,AM
2024-05-06 18:00:00,,0,PM
2024-05-07 06:00:00,0.2766362096254642,13,AM
2024-05-07 18:00:00,,0,PM
2024-05-08 06:00:00,,0,AM
2024-05-08 18:00:00,0.26772781289540803,13,PM
2024-05-09 06:00:00,,0,AM
2024-05-09 18:00:00,,0,PM
2024-05-10 06:00:00,0.26269138432466066,13,AM
2024-05-10 18:00:00,0.2347595363855362,5,PM
2024-05-11 06:00:00,,0,AM
2024-05-11 18:00:00,,0,PM
2024-05-12 06:00:00,0.2263804405927658,5,AM
2024-05-12 18:00:00,0.21783224665201628,13,PM
2024-05-13 06:00:00,0.24350382158389458,13,AM
2024-05-13 18:00:00,0.24800783968888795,13,PM
2024-05-14 06:00:00,,0,AM
2024-05-14 18:00:00,,0,PM
2024-05-15 06:00:00,0.3681038709787222,13,AM
2024-05-15 18:00:00,,0,PM
2024-05-16 06:00:00,,0,AM
2024-05-16 18:00:00,0.34998135154063886,13,PM
2024-05-17 06:00:00,,0,AM
2024-05-17 18:00:00,,0,PM
2024-05-18 06:00:00,0.4257499552690066,13,AM
2024-05-18 18:00:00,0.37499700699533733,7,PM
2024-05-19 06:00:00,,0,AM
2024-05-19 18:00:00,,0,PM
2024-05-20 06:00:00,0.3409318711076464,7,AM
2024-05-20 18:00:00,0.34009800736720747,13,PM
2024-05-21 06:00:00,0.3180604577064514,13,AM
2024-05-21 18:00:00,0.2957126842095302,13,PM
2024-05-22 06:00:00,,0,AM
2024-05-22 18:00:00,,0,PM
2024-05-23 06:00:00,0.2949912708539229,13,AM
2024-05-23 18:00:00,,0,PM
2024-05-24 06:00:00,,0,AM
2024-05-24 18:00:00,0.2653777828583351,13,PM
2024-05-25 06:00:00,,0,AM
2024-05-25 18:00:00,,0,PM
2024-05-26 06:00:00,0.2557519869162486,13,AM
2024-05-26 18:00:00,0.24012483283877373,8,PM
2024-05-27 06:00:00,,0,AM
2024-05-27 18:00:00,,0,PM
2024-05-28 06:00:00,0.2423199074608939,7,AM
2024-05-28 18:00:00,0.24032901342098528,13,PM
2024-05-29 06:00:00,0.26172100007534027,13,AM
2024-05-29 18:00:00,0.32991581008984494,13,PM
2024-05-30 06:00:00,,0,AM
2024-05-30 18:00:00,,0,PM
2024-05-31 06:00:00,0.3584051842872913,13,AM
2024-05-31 18:00:00,,0,PM
2024-06-01 06:00:00,,0,AM
2024-06-01 18:00:00,0.4247951966065627,13,PM
2024-06-02 06:00:00,,0,AM
2024-06-02 18:00:00,,0,PM
2024-06-03 06:00:00,0.41128408221098095,13,AM
2024-06-03 18:00:00,0.33802009906087604,7,PM
2024-06-04 06:00:00,,0,AM
2024-06-04 18:00:00,,0,PM
2024-06-05 06:00:00,0.4282739758491516,6,AM
2024-06-05 18:00:00,0.43194278386922985,13,PM
2024-06-06 06:00:00,0.38941641266529375,13,AM
2024-06-06 18:00:00,0.3443296276606046,13,PM
2024-06-07 06:00:00,,0,AM
2024-06-07 18:00:00,,0,PM
2024-06-08 06:00:00,0.3320582784139193,13,AM
2024-06-08 18:00:00,,0,PM
2024-06-09 06:00:00,,0,AM
2024-06-09 18:00:00,0.29449667838903576,13,PM
2024-06-10 06:00:00,,0,AM
2024-06-10 18:00:00,,0,PM
2024-06-11 06:00:00,,0,AM
2024-06-11 18:00:00,0.24745352566242218,10,PM
2024-06-12 06:00:00,,0,AM
2024-06-12 18:00:00,,0,PM
2024-06-13 06:00:00,0.24916142721970877,9,AM
2024-06-13 18:00:00,0.24526407626958993,13,PM
2024-06-14 06:00:00,0.22703480949768653,13,AM
2024-06-14 18:00:00,0.2207831981090399,13,PM
2024-06-15 06:00:00,,0,AM
2024-06-15 18:00:00,,0,PM
2024-06-16 06:00:00,0.23434631067972916,13,AM
2024-06-16 18:00:00,,0,PM
2024-06-17 06:00:00,,0,AM
2024-06-17 18:00:00,0.2954466583637091,13,PM
2024-06-18 06:00:00,,0,AM
2024-06-18 18:00:00,,0,PM
2024-06-19 06:00:00,0.2638747153373865,13,AM
2024-06-19 18:00:00,0.2650870867073536,12,PM
2024-06-20 06:00:00,,0,AM
2024-06-20 18:00:00,,0,PM
2024-06-21 06:00:00,0.26867374653617543,12,AM
2024-06-21 18:00:00,0.2453266611466041,13,PM
2024-06-22 06:00:00,0.21556853789549607,13,AM
2024-06-22 18:00:00,0.21776005969597742,13,PM
2024-06-23 06:00:00,,0,AM
2024-06-23 18:00:00,,0,PM
2024-06-24 06:00:00,,0,AM
2024-06-24 18:00:00,,0,PM
2024-06-25 06:00:00,,0,AM
2024-06-25 18:00:00,0.24054857973869032,13,PM
2024-06-26 06:00:00,,0,AM
2024-06-26 18:00:00,,0,PM
2024-06-27 06:00:00,0.23467348974484664,13,AM
2024-06-27 18:00:00,0.2075287034878364,13,PM
2024-06-28 06:00:00,,0,AM
2024-06-28 18:00:00,,0,PM
2024-06-29 06:00:00,0.24180060510451978,13,AM
2024-06-29 18:00:00,0.25721772932089293,13,PM
2024-06-30 06:00:00,0.20931836274953988,13,AM
2024-06-30 18:00:00,0.20990486901540023,13,PM
2024-07-01 06:00:00,,0,AM
2024-07-01 18:00:00,,0,PM
2024-07-02 06:00:00,0.23397409113553855,13,AM
2024-07-02 18:00:00,,0,PM
2024-07-03 06:00:00,,0,AM
2024-07-03 18:00:00,0.21841203822539404,13,PM
2024-07-04 06:00:00,,0,AM
2024-07-04 18:00:00,,0,PM
2024-07-05 06:00:00,0.2290801486143699,13,AM
2024-07-05 18:00:00,0.29040475533558774,13,PM
2024-07-06 06:00:00,,0,AM
2024-07-06 18:00:00,,0,PM
2024-07-07 06:00:00,0.25050325577075666,13,AM
2024-07-07 18:00:00,0.22680599758258232,13,PM
2024-07-08 06:00:00,0.23256329733591813,13,AM
2024-07-08 18:00:00,0.2238215276828179,13,PM
2024-07-09 06:00:00,,0,AM
2024-07-09 18:00:00,,0,PM
2024-07-10 06:00:00,0.240646630525589,13,AM
2024-07-10 18:00:00,,0,PM
2024-07-11 06:00:00,,0,AM
2024-07-11 18:00:00,0.2962423242055453,13,PM
2024-07-12 06:00:00,,0,AM
2024-07-12 18:00:00,,0,PM
2024-07-13 06:00:00,0.2247972580102774,13,AM
2024-07-13 18:00:00,0.22219321475579187,13,PM
2024-07-14 06:00:00,,0,AM
2024-07-14 18:00:00,,0,PM
2024-07-15 06:00:00,0.20529852578273186,13,AM
2024-07-15 18:00:00,0.1921050319304833,13,PM
2024-07-16 06:00:00,0.17155243914860946,13,AM
2024-07-16 18:00:00,0.19291261640878823,13,PM
2024-07-17 06:00:00,,0,AM
2024-07-17 18:00:00,,0,PM
2024-07-18 06:00:00,0.24068352121573228,13,AM
2024-07-18 18:00:00,,0,PM
2024-07-19 06:00:00,,0,AM
2024-07-19 18:00:00,0.320242145886788,13,PM
2024-07-20 06:00:00,,0,AM
2024-07-20 18:00:00,,0,PM
2024-07-21 06:00:00,0.27692536551218766,13,AM
2024-07-21 18:00:00,0.2607051581144333,12,PM
2024-07-22 06:00:00,,0,AM
2024-07-22 18:00:00,,0,PM
2024-07-23 06:00:00,0.28681409088048065,11,AM
2024-07-23 18:00:00,0.26792837564761823,13,PM
2024-07-24 06:00:00,0.2698231110206017,13,AM
2024-07-24 18:00:00,0.3417251499799582,13,PM
2024-07-25 06:00:00,,0,AM
2024-07-25 18:00:00,,0,PM
2024-07-26 06:00:00,0.2986675122609505,13,AM
2024-07-26 18:00:00,,0,PM
2024-07-27 06:00:00,,0,AM
2024-07-27 18:00:00,0.3457417029600877,13,PM
2024-07-28 06:00:00,,0,AM
2024-07-28 18:00:00,,0,PM
2024-07-29 06:00:00,0.26607002547154057,13,AM
2024-07-29 18:00:00,0.25870493426918983,8,PM
2024-07-30 06:00:00,,0,AM
2024-07-30 18:00:00,,0,PM
2024-07-31 06:00:00,0.2576097160577774,5,AM
2024-07-31 18:00:00,0.24269125782526457,13,PM
2024-08-01 06:00:00,0.22048520010251266,13,AM
2024-08-01 18:00:00,0.22130002539891463,13,PM
2024-08-02 06:00:00,,0,AM
2024-08-02 18:00:00,,0,PM
2024-08-03 06:00:00,0.2293146000458644,13,AM
2024-08-03 18:00:00,,0,PM
2024-08-04 06:00:00,,0,AM
2024-08-04 18:00:00,0.22142637119843409,13,PM
2024-08-05 06:00:00,,0,AM
2024-08-05 18:00:00,,0,PM
2024-08-06 06:00:00,0.2166925542629682,13,AM
2024-08-06 18:00:00,0.18917921483516692,5,PM
2024-08-07 06:00:00,,0,AM
2024-08-07 18:00:00,0.17783438586271727,13,PM
2024-08-08 06:00:00,0.22720564405123392,3,AM
2024-08-08 18:00:00,,0,PM
2024-08-09 06:00:00,0.19456064242583054,13,AM
2024-08-09 18:00:00,0.16344099434522483,13,PM
2024-08-10 06:00:00,,0,AM
2024-08-10 18:00:00,,0,PM
2024-08-11 06:00:00,0.1833583666728093,13,AM
2024-08-11 18:00:00,,0,PM
2024-08-12 06:00:00,,0,AM
2024-08-12 18:00:00,0.1512843783085163,13,PM
2024-08-13 06:00:00,,0,AM
2024-08-13 18:00:00,,0,PM
2024-08-14 06:00:00,0.16497255403261918,13,AM
2024-08-14 18:00:00,0.18118305504322052,5,PM
2024-08-15 06:00:00,,0,AM
2024-08-15 18:00:00,0.29540490760253024,13,PM
2024-08-16 06:00:00,0.26220833510160446,4,AM
2024-08-16 18:00:00,,0,PM
2024-08-17 06:00:00,0.2084501958810366,13,AM
2024-08-17 18:00:00,0.18766862612504226,13,PM
2024-08-18 06:00:00,,0,AM
2024-08-18 18:00:00,,0,PM
2024-08-19 06:00:00,0.19539604164086855,13,AM
2024-08-19 18:00:00,,0,PM
2024-08-20 06:00:00,,0,AM
2024-08-20 18:00:00,0.1753335136633653,13,PM
2024-08-21 06:00:00,,0,AM
2024-08-21 18:00:00,,0,PM
2024-08-22 06:00:00,0.174889291708286,13,AM
2024-08-22 18:00:00,0.1626495361328125,5,PM
2024-08-23 06:00:00,,0,AM
2024-08-23 18:00:00,0.16225355366865793,6,PM
2024-08-24 06:00:00,0.19530197605490685,4,AM
2024-08-24 18:00:00,0.1430414915084839,7,PM
2024-08-25 06:00:00,0.1669525939684648,13,AM
2024-08-25 18:00:00,0.17880813892071062,13,PM
2024-08-26 06:00:00,,0,AM
2024-08-26 18:00:00,,0,PM
2024-08-27 06:00:00,0.16075953841209412,13,AM
2024-08-27 18:00:00,,0,PM
2024-08-28 06:00:00,,0,AM
2024-08-28 18:00:00,0.20091596704262954,13,PM
2024-08-29 06:00:00,,0,AM
2024-08-29 18:00:00,,0,PM
2024-08-30 06:00:00,0.19600030665214246,13,AM
2024-08-30 18:00:00,0.2225250466303392,11,PM
2024-08-31 06:00:00,,0,AM
2024-08-31 18:00:00,,0,PM
2024-09-01 06:00:00,0.2727479308843613,10,AM
2024-09-01 18:00:00,0.2605068924335333,13,PM
2024-09-02 06:00:00,0.22735783801628992,13,AM
2024-09-02 18:00:00,0.23680572326366717,13,PM
2024-09-03 06:00:00,,0,AM
2024-09-03 18:00:00,,0,PM
2024-09-04 06:00:00,0.19841395433132464,13,AM
2024-09-04 18:00:00,,0,PM
2024-09-05 06:00:00,,0,AM
2024-09-05 18:00:00,0.32014336723547715,13,PM
2024-09-06 06:00:00,,0,AM
2024-09-06 18:00:00,,0,PM
2024-09-07 06:00:00,,0,AM
2024-09-07 18:00:00,0.2989828884601593,13,PM
2024-09-08 06:00:00,,0,AM
2024-09-08 18:00:00,,0,PM
2024-09-09 06:00:00,0.2965742429861656,13,AM
2024-09-09 18:00:00,0.2700678201822134,13,PM
2024-09-10 06:00:00,0.24072389075389275,13,AM
2024-09-10 18:00:00,0.2564498197573882,13,PM
2024-09-11 06:00:00,,0,AM
2024-09-11 18:00:00,,0,PM
2024-09-12 06:00:00,0.3785067315285022,13,AM
2024-09-12 18:00:00,,0,PM
2024-09-13 06:00:00,,0,AM
2024-09-13 18:00:00,0.3350391915211311,13,PM
2024-09-14 06:00:00,,0,AM
2024-09-14 18:00:00,,0,PM
2024-09-15 06:00:00,0.3405859332818251,13,AM
2024-09-15 18:00:00,0.32836030767514157,13,PM
2024-09-16 06:00:00,,0,AM
2024-09-16 18:00:00,,0,PM
2024-09-17 06:00:00,0.3226793591792767,13,AM
2024-09-17 18:00:00,0.2898890192692096,13,PM
2024-09-18 06:00:00,,0,AM
2024-09-18 18:00:00,0.30261115156687224,13,PM
2024-09-19 06:00:00,,0,AM
2024-09-19 18:00:00,,0,PM
2024-09-20 06:00:00,0.260552031489519,13,AM
2024-09-20 18:00:00,,0,PM
2024-09-21 06:00:00,,0,AM
2024-09-21 18:00:00,0.2703325003385544,13,PM
2024-09-22 06:00:00,,0,AM
2024-09-22 18:00:00,,0,PM
2024-09-23 06:00:00,,0,AM
2024-09-23 18:00:00,0.2464794826049071,13,PM
2024-09-24 06:00:00,,0,AM
2024-09-24 18:00:00,,0,PM
2024-09-25 06:00:00,0.2311731565457124,13,AM
2024-09-25 18:00:00,0.224836786205952,13,PM
2024-09-26 06:00:00,0.21270669079743898,13,AM
2024-09-26 18:00:00,0.21735597459169534,13,PM
2024-09-27 06:00:00,,0,AM
2024-09-27 18:00:00,,0,PM
2024-09-28 06:00:00,0.23006765429790205,13,AM
2024-09-28 18:00:00,,0,PM
2024-09-29 06:00:00,,0,AM
2024-09-29 18:00:00,0.19817163623296297,13,PM
2024-09-30 06:00:00,,0,AM
2024-09-30 18:00:00,,0,PM
2024-10-01 06:00:00,0.20422015167199647,13,AM
2024-10-01 18:00:00,0.19262487373568796,11,PM
2024-10-02 06:00:00,,0,AM
2024-10-02 18:00:00,,0,PM
2024-10-03 06:00:00,0.19476432767179278,9,AM
2024-10-03 18:00:00,0.1832410876567547,13,PM
2024-10-04 06:00:00,0.1642354016120617,13,AM
2024-10-04 18:00:00,0.20754326994602496,13,PM
2024-10-05 06:00:00,,0,AM
2024-10-05 18:00:00,,0,PM
2024-10-06 06:00:00,0.21726305897419268,13,AM
2024-10-06 18:00:00,,0,PM
2024-10-07 06:00:00,,0,AM
2024-10-07 18:00:00,0.1989215864584996,13,PM
2024-10-08 06:00:00,,0,AM
2024-10-08 18:00:00,,0,PM
2024-10-09 06:00:00,0.2051290927024988,13,AM
2024-10-09 18:00:00,0.17585748185714087,12,PM
2024-10-10 06:00:00,,0,AM
2024-10-10 18:00:00,,0,PM
2024-10-11 06:00:00,0.21127792820334435,12,AM
2024-10-11 18:00:00,0.1701382719553434,13,PM
2024-10-12 06:00:00,0.18047835391301376,13,AM
2024-10-12 18:00:00,0.1772786665421266,13,PM
2024-10-13 06:00:00,,0,AM
2024-10-13 18:00:00,,0,PM
2024-10-14 06:00:00,0.16488487789264092,13,AM
2024-10-14 18:00:00,,0,PM
2024-10-15 06:00:00,,0,AM
2024-10-15 18:00:00,0.1714161508358442,13,PM
2024-10-16 06:00:00,,0,AM
2024-10-16 18:00:00,,0,PM
2024-10-17 06:00:00,0.19670226596868956,13,AM
2024-10-17 18:00:00,0.15148345256845155,12,PM
2024-10-18 06:00:00,,0,AM
2024-10-18 18:00:00,,0,PM
2024-10-19 06:00:00,0.18092429141203561,12,AM
2024-10-19 18:00:00,0.1471622293958297,13,PM
2024-10-20 06:00:00,0.17927743036013383,13,AM
2024-10-20 18:00:00,0.17198742811496442,13,PM
2024-10-21 06:00:00,,0,AM
2024-10-21 18:00:00,,0,PM
2024-10-22 06:00:00,0.18838818600544563,13,AM
2024-10-22 18:00:00,,0,PM
2024-10-23 06:00:00,,0,AM
2024-10-23 18:00:00,0.17565879684228164,13,PM
2024-10-24 06:00:00,,0,AM
2024-10-24 18:00:00,,0,PM
2024-10-25 06:00:00,0.16561976304421058,13,AM
2024-10-25 18:00:00,0.16773234059413275,12,PM
2024-10-26 06:00:00,,0,AM
2024-10-26 18:00:00,,0,PM
2024-10-27 06:00:00,0.18968986923044379,11,AM
2024-10-27 18:00:00,0.17139210380040681,13,PM
2024-10-28 06:00:00,0.160788798561463,13,AM
2024-10-28 18:00:00,0.16287897183344915,13,PM
2024-10-29 06:00:00,,0,AM
2024-10-29 18:00:00,,0,PM
2024-10-30 06:00:00,0.1755955987251722,13,AM
2024-10-30 18:00:00,,0,PM
2024-10-31 06:00:00,,0,AM
2024-10-31 18:00:00,0.2598814070224762,13,PM
2024-11-01 06:00:00,,0,AM
2024-11-01 18:00:00,,0,PM
2024-11-02 06:00:00,0.3479953958437993,13,AM
2024-11-02 18:00:00,0.3287728488445282,10,PM
2024-11-03 06:00:00,,0,AM
2024-11-03 18:00:00,,0,PM
2024-11-04 06:00:00,0.32886384427547455,8,AM
2024-11-04 18:00:00,0.29923898440140945,13,PM
2024-11-05 06:00:00,0.27805100839871627,13,AM
2024-11-05 18:00:00,0.3278627945826604,13,PM
2024-11-06 06:00:00,,0,AM
2024-11-06 18:00:00,,0,PM
2024-11-07 06:00:00,0.3068120594208057,13,AM
2024-11-07 18:00:00,,0,PM
2024-11-08 06:00:00,,0,AM
2024-11-08 18:00:00,0.3027472816980802,13,PM
2024-11-09 06:00:00,,0,AM
2024-11-09 18:00:00,,0,PM
2024-11-10 06:00:00,0.36453829591090864,13,AM
2024-11-10 18:00:00,0.4008633315563202,5,PM
2024-11-11 06:00:00,,0,AM
2024-11-11 18:00:00,0.35139456060197616,9,PM
2024-11-12 06:00:00,0.4095677137374878,3,AM
2024-11-12 18:00:00,0.34283264726400375,4,PM
2024-11-13 06:00:00,0.3302699877665593,13,AM
2024-11-13 18:00:00,0.41434789391664356,13,PM
2024-11-14 06:00:00,,0,AM
2024-11-14 18:00:00,,0,PM
2024-11-15 06:00:00,0.40455289299671465,13,AM
2024-11-15 18:00:00,,0,PM
2024-11-16 06:00:00,,0,AM
2024-11-16 18:00:00,0.3198694151181441,13,PM
2024-11-17 06:00:00,,0,AM
2024-11-17 18:00:00,,0,PM
2024-11-18 06:00:00,0.35726059858615583,13,AM
2024-11-18 18:00:00,0.40605834871530533,4,PM
2024-11-19 06:00:00,,0,AM
2024-11-19 18:00:00,0.41387515572401196,13,PM
2024-11-20 06:00:00,0.4177849218249321,4,AM
2024-11-20 18:00:00,,0,PM
2024-11-21 06:00:00,0.39947296105898344,13,AM
2024-11-21 18:00:00,,0,PM
2024-11-22 06:00:00,,0,AM
2024-11-22 18:00:00,,0,PM
2024-11-23 06:00:00,0.38240648003724903,13,AM
2024-11-23 18:00:00,,0,PM
2024-11-24 06:00:00,,0,AM
2024-11-24 18:00:00,0.33024545587026155,13,PM
2024-11-25 06:00:00,,0,AM
2024-11-25 18:00:00,,0,PM
2024-11-26 06:00:00,0.34024303693037766,13,AM
2024-11-26 18:00:00,0.3461182534694672,5,PM
2024-11-27 06:00:00,,0,AM
2024-11-27 18:00:00,,0,PM
2024-11-28 06:00:00,0.3465196341276169,4,AM
2024-11-28 18:00:00,0.2759759185405878,13,PM
2024-11-29 06:00:00,0.3306926259627709,13,AM
2024-11-29 18:00:00,0.27973007009579587,13,PM
2024-11-30 06:00:00,,0,AM
2024-11-30 18:00:00,,0,PM
2024-12-01 06:00:00,0.3052720931860117,13,AM
2024-12-01 18:00:00,,0,PM
2024-12-02 06:00:00,,0,AM
2024-12-02 18:00:00,0.29293407729038823,13,PM
2024-12-03 06:00:00,,0,AM
2024-12-03 18:00:00,,0,PM
2024-12-04 06:00:00,0.26448194911846745,13,AM
2024-12-04 18:00:00,0.26914354860782624,5,PM
2024-12-05 06:00:00,,0,AM
2024-12-05 18:00:00,,0,PM
2024-12-06 06:00:00,0.43154004216194153,4,AM
2024-12-06 18:00:00,0.3762075419609363,13,PM
2024-12-07 06:00:00,0.35580220360022324,13,AM
2024-12-07 18:00:00,0.3416645366411943,13,PM
2024-12-08 06:00:00,,0,AM
2024-12-08 18:00:00,,0,PM
2024-12-09 06:00:00,0.431364852648515,13,AM
2024-12-09 18:00:00,,0,PM
2024-12-10 06:00:00,,0,AM
2024-12-10 18:00:00,0.4315250836885892,13,PM
2024-12-11 06:00:00,,0,AM
2024-12-11 18:00:00,,0,PM
2024-12-12 06:00:00,0.4241000941166511,13,AM
2024-12-12 18:00:00,0.40747007727622986,5,PM
2024-12-13 06:00:00,,0,AM
2024-12-13 18:00:00,0.3879818343199216,13,PM
2024-12-14 06:00:00,0.42718956619501114,4,AM
2024-12-14 18:00:00,,0,PM
2024-12-15 06:00:00,0.3812040365659274,13,AM
2024-12-15 18:00:00,0.3982810859496777,13,PM
2024-12-16 06:00:00,,0,AM
2024-12-16 18:00:00,,0,PM
2024-12-17 06:00:00,0.37853235464829665,13,AM
2024-12-17 18:00:00,,0,PM
2024-12-18 06:00:00,,0,AM
2024-12-18 18:00:00,0.375438215640875,13,PM
2024-12-19 06:00:00,,0,AM
2024-12-19 18:00:00,,0,PM
2024-12-20 06:00:00,0.3788614869117737,13,AM
2024-12-20 18:00:00,0.33548704783121747,3,PM
2024-12-21 06:00:00,,0,AM
2024-12-21 18:00:00,0.3150743223153628,13,PM
2024-12-22 06:00:00,0.4100736528635025,2,AM
2024-12-22 18:00:00,,0,PM
2024-12-23 06:00:00,0.3611494325674497,13,AM
2024-12-23 18:00:00,0.33574733367333043,13,PM
2024-12-24 06:00:00,,0,AM
2024-12-24 18:00:00,,0,PM
2024-12-25 06:00:00,0.3181557792883653,13,AM
2024-12-25 18:00:00,,0,PM
2024-12-26 06:00:00,,0,AM
2024-12-26 18:00:00,0.36537110117765575,13,PM
2024-12-27 06:00:00,,0,AM
2024-12-27 18:00:00,,0,PM
2024-12-28 06:00:00,0.40235280761351955,13,AM
2024-12-28 18:00:00,0.4301777005195618,5,PM
2024-12-29 06:00:00,,0,AM
2024-12-29 18:00:00,,0,PM
2024-12-30 06:00:00,0.4322620391845703,5,AM
2024-12-30 18:00:00,0.4205524279521062,13,PM
2024-12-31 06:00:00,0.42203818834744966,13,AM
2024-12-31 18:00:00,0.4034397625006162,13,PM
